-- Inserts en rol
INSERT INTO rol (nombre_rol, descripcion) VALUES
('Gerente General',       'Responsable de la operación global del hotel, toma de decisiones estratégicas y supervisión de todos los departamentos.'),
('Subgerente',            'Apoya al gerente general y lo sustituye en su ausencia; coordina las operaciones diarias.'),
('Recepcionista',         'Atiende el check-in y check-out de huéspedes, gestiona reservaciones y proporciona información general.'),
('Conserje',              'Asiste a los huéspedes con solicitudes especiales: transporte, reservas de restaurantes, tours y recomendaciones locales.'),
('Botones',               'Recibe y acompaña a los huéspedes a su habitación, traslada equipaje y atiende encargos menores.'),
('Ama de Llaves',         'Supervisa la limpieza y el orden de habitaciones, áreas comunes y lencería del hotel.'),
('Camarero/a de Pisos',   'Limpia y prepara las habitaciones según los estándares del hotel; reporta desperfectos al mantenimiento.'),
('Lavandería',            'Encargado del lavado, secado, planchado y entrega de ropa de cama, toallas y uniformes.'),
('Chef Ejecutivo',        'Dirige la cocina, diseña el menú, controla calidad de alimentos y gestiona al equipo culinario.'),
('Cocinero',              'Prepara los platillos del menú bajo la dirección del chef; mantiene higiene en su área de trabajo.'),
('Mesero/a',              'Toma órdenes, sirve alimentos y bebidas en restaurante o servicio a la habitación, y cobra consumos.'),
('Bartender',             'Prepara y sirve bebidas alcohólicas y no alcohólicas en el bar del hotel; mantiene el inventario de licores.'),
('Seguridad',             'Supervisa el acceso al hotel, monitorea cámaras y garantiza la seguridad de huéspedes y personal.'),
('Mantenimiento',         'Realiza reparaciones, mantenimiento preventivo e instalaciones eléctricas, hidráulicas y de climatización.'),
('Coordinador de Eventos','Planifica, organiza y supervisa eventos, banquetes, conferencias y reuniones celebradas en el hotel.'),
('Agente de Reservaciones','Gestiona reservaciones por teléfono, correo y plataformas digitales; verifica disponibilidad y tarifas.'),
('Contador/a',            'Administra la contabilidad general, nóminas, facturación y reportes financieros del hotel.'),
('Recursos Humanos',      'Recluta, capacita y gestiona al personal; administra contratos, prestaciones y clima laboral.'),
('Marketing y Ventas',    'Diseña estrategias de promoción, gestiona redes sociales, campañas publicitarias y alianzas comerciales.'),
('Spa Terapeuta',         'Ofrece servicios de masajes, tratamientos corporales y faciales a los huéspedes en el área de spa.');

-- Insert categoria de habitacion
INSERT INTO categoria_habitacion (precio_noche, descripcion) VALUES
( 800.00, 'Habitación Sencilla: cama matrimonial, baño privado, TV 40", AC y WiFi.'),
(1200.00, 'Habitación Doble: 2 camas individuales, baño privado, TV 40", AC y WiFi.'),
(2000.00, 'Suite Junior: cama king size, sala de estar, jacuzzi y vista panorámica.'),
(4500.00, 'Suite Presidencial: 2 recámaras, terraza privada, sala y comedor ejecutivo.'),
(1600.00, 'Habitación Familiar: recámara doble + literas, sala y 2 baños completos.')
(3000.00, 'Suite Ejecutiva: cama king, area de trabajo, sala, minibar y check-in prioritario.')
(6000.00, 'Penthouse: nivel superior, 3 recamaras, terraza panoramica, jacuzzi y mayordomo.');

-- Insert usuarios
INSERT INTO usuario (id_rol, fecha_creacion, estado, telefono, contrasena, correo) VALUES
(4000,'2019-03-01',1,'6641900001',SHA2('Ger2019!',256),'r.hernandez@myzrah.mx'),
(4001,'2019-06-15',1,'6641900002',SHA2('Sub2019!',256),'m.gonzalez@myzrah.mx'),
(4002,'2020-01-10',1,'6641900003',SHA2('Rec2020!',256),'c.rodriguez@myzrah.mx'),
(4002,'2020-02-14',1,'6641900004',SHA2('Rec2020!',256),'a.martinez@myzrah.mx'),
(4002,'2020-04-20',1,'6641900005',SHA2('Rec2020!',256),'l.lopez@myzrah.mx'),
(4002,'2021-01-08',1,'6641900006',SHA2('Rec2021!',256),'s.ramirez@myzrah.mx'),
(4002,'2021-07-19',1,'6641900007',SHA2('Rec2021!',256),'v.dominguez@myzrah.mx'),
(4003,'2020-07-22',1,'6641900008',SHA2('Con2020!',256),'e.perez@myzrah.mx'),
(4003,'2021-03-05',1,'6641900009',SHA2('Con2021!',256),'mi.torres@myzrah.mx'),
(4004,'2021-05-11',1,'6641900010',SHA2('Bot2021!',256),'t.navarro@myzrah.mx'),
(4004,'2022-02-28',1,'6641900011',SHA2('Bot2022!',256),'lu.paredes@myzrah.mx'),
(4005,'2019-08-11',1,'6641900012',SHA2('Ama2019!',256),'so.flores@myzrah.mx'),
(4006,'2020-09-15',1,'6641900013',SHA2('Cam2020!',256),'d.morales@myzrah.mx'),
(4006,'2020-10-01',1,'6641900014',SHA2('Cam2020!',256),'i.ramirez@myzrah.mx'),
(4006,'2021-01-07',1,'6641900015',SHA2('Cam2021!',256),'f.castro@myzrah.mx'),
(4006,'2021-04-19',1,'6641900016',SHA2('Cam2021!',256),'cl.vargas@myzrah.mx'),
(4006,'2022-03-14',1,'6641900017',SHA2('Cam2022!',256),'ru.acosta@myzrah.mx'),
(4007,'2020-11-23',1,'6641900018',SHA2('Lav2020!',256),'o.reyes@myzrah.mx'),
(4007,'2021-02-28',1,'6641900019',SHA2('Lav2021!',256),'ca.ortiz@myzrah.mx'),
(4008,'2019-05-10',1,'6641900020',SHA2('Che2019!',256),'al.nunez@myzrah.mx'),
(4009,'2020-03-17',1,'6641900021',SHA2('Coc2020!',256),'be.mendoza@myzrah.mx'),
(4009,'2020-06-25',1,'6641900022',SHA2('Coc2020!',256),'he.ruiz@myzrah.mx'),
(4009,'2021-07-14',1,'6641900023',SHA2('Coc2021!',256),'ad.silva@myzrah.mx'),
(4010,'2020-08-30',1,'6641900024',SHA2('Mes2020!',256),'ri.jimenez@myzrah.mx'),
(4010,'2020-09-12',1,'6641900025',SHA2('Mes2020!',256),'la.moreno@myzrah.mx'),
(4010,'2021-05-06',1,'6641900026',SHA2('Mes2021!',256),'ed.ramos@myzrah.mx'),
(4010,'2021-08-20',1,'6641900027',SHA2('Mes2021!',256),'sa.herrera@myzrah.mx'),
(4011,'2020-12-01',1,'6641900028',SHA2('Bar2020!',256),'ar.diaz@myzrah.mx'),
(4011,'2021-06-09',1,'6641900029',SHA2('Bar2021!',256),'ve.leon@myzrah.mx'),
(4012,'2019-10-14',1,'6641900030',SHA2('Seg2019!',256),'ma.suarez@myzrah.mx'),
(4012,'2020-02-02',1,'6641900031',SHA2('Seg2020!',256),'ro.medina@myzrah.mx'),
(4012,'2021-09-27',1,'6641900032',SHA2('Seg2021!',256),'fr.rojas@myzrah.mx'),
(4012,'2022-01-03',1,'6641900033',SHA2('Seg2022!',256),'ga.cruz@myzrah.mx'),
(4013,'2019-11-18',1,'6641900034',SHA2('Man2019!',256),'an.delgado@myzrah.mx'),
(4013,'2020-04-07',1,'6641900035',SHA2('Man2020!',256),'pa.guzman@myzrah.mx'),
(4013,'2021-10-15',1,'6641900036',SHA2('Man2021!',256),'se.vega@myzrah.mx'),
(4014,'2020-05-20',1,'6641900037',SHA2('Eve2020!',256),'al.fuentes@myzrah.mx'),
(4014,'2021-11-30',1,'6641900038',SHA2('Eve2021!',256),'ro.castro@myzrah.mx'),
(4015,'2020-03-11',1,'6641900039',SHA2('Age2020!',256),'pa.sanchez@myzrah.mx'),
(4015,'2021-01-18',1,'6641900040',SHA2('Age2021!',256),'jo.garcia@myzrah.mx'),
(4015,'2022-04-25',1,'6641900041',SHA2('Age2022!',256),'ma.espinoza@myzrah.mx'),
(4016,'2019-07-22',1,'6641900042',SHA2('Cnt2019!',256),'mo.rios@myzrah.mx'),
(4016,'2020-05-30',1,'6641900043',SHA2('Cnt2020!',256),'er.cabrera@myzrah.mx'),
(4017,'2020-03-11',1,'6641900044',SHA2('RH2020!', 256),'da.montes@myzrah.mx'),
(4017,'2021-08-16',1,'6641900045',SHA2('RH2021!', 256),'ja.pena@myzrah.mx'),
(4018,'2020-06-03',1,'6641900046',SHA2('Mkt2020!',256),'na.campos@myzrah.mx'),
(4018,'2021-09-14',1,'6641900047',SHA2('Mkt2021!',256),'mau.soto@myzrah.mx'),
(4019,'2020-07-07',1,'6641900048',SHA2('Spa2020!',256),'di.torres@myzrah.mx'),
(4019,'2021-04-22',1,'6641900049',SHA2('Spa2021!',256),'pa.mendez@myzrah.mx'),
(4019,'2022-01-17',1,'6641900050',SHA2('Spa2022!',256),'ka.ortega@myzrah.mx');

-- Inserts empleados
INSERT INTO empleado (id_usuario, puesto, salario, direccion, fecha_cont, telefono, nombre, apellido) VALUES
(4000,'Gerente General',   38000.00,'Blvd. Agua Caliente 1200, Tijuana, BC', '2019-03-01','6641900001','Roberto',   'Hernández Soto'),
(4001,'Subgerente',        27000.00,'Av. Revolución 4500, Tijuana, BC',      '2019-06-15','6641900002','María',     'González Ruiz'),
(4002,'Recepcionista',     13500.00,'Calle 5ta 320, Tijuana, BC',            '2020-01-10','6641900003','Carlos',    'Rodríguez Pérez'),
(4003,'Recepcionista',     13500.00,'Av. Constitución 780, Tijuana, BC',     '2020-02-14','6641900004','Ana',       'Martínez López'),
(4004,'Recepcionista',     13500.00,'Calle Madero 154, Ensenada, BC',        '2020-04-20','6641900005','Luis',      'López García'),
(4005,'Recepcionista',     13500.00,'Blvd. Insurgentes 920, Tijuana, BC',    '2021-01-08','6641900006','Sofía',     'Ramírez Torres'),
(4006,'Recepcionista',     13500.00,'Calle Obregón 45, Tecate, BC',          '2021-07-19','6641900007','Valeria',   'Domínguez Cruz'),
(4007,'Conserje',          11500.00,'Av. Padre Kino 670, Tijuana, BC',       '2020-07-22','6641900008','Elena',     'Pérez Flores'),
(4008,'Conserje',          11500.00,'Paseo Ensenada 210, Ensenada, BC',      '2021-03-05','6641900009','Miguel',    'Torres Vargas'),
(4009,'Botones',            8000.00,'Calle 2da 88, Tijuana, BC',             '2021-05-11','6641900010','Tomás',     'Navarro Reyes'),
(4010,'Botones',            8000.00,'Av. Reforma 330, Mexicali, BC',         '2022-02-28','6641900011','Lucía',     'Paredes Morales'),
(4011,'Ama de Llaves',     16000.00,'Blvd. Díaz Ordaz 760, Tijuana, BC',    '2019-08-11','6641900012','Sofía',     'Flores Mendoza'),
(4012,'Camarero de Pisos', 10500.00,'Calle 10ma 450, Tijuana, BC',           '2020-09-15','6641900013','David',     'Morales Castro'),
(4013,'Camarero de Pisos', 10500.00,'Av. Hidalgo 123, Tijuana, BC',          '2020-10-01','6641900014','Isabel',    'Ramírez Silva'),
(4014,'Camarero de Pisos', 10500.00,'Calle Juárez 890, Rosarito, BC',        '2021-01-07','6641900015','Fernando',  'Castro Jiménez'),
(4015,'Camarero de Pisos', 10500.00,'Blvd. Costero 340, Rosarito, BC',       '2021-04-19','6641900016','Claudia',   'Vargas Ortiz'),
(4016,'Camarero de Pisos', 10500.00,'Av. Benito Juárez 560, Tijuana, BC',    '2022-03-14','6641900017','Rubén',     'Acosta Medina'),
(4017,'Lavanderia',         9000.00,'Calle Morelos 275, Tijuana, BC',         '2020-11-23','6641900018','Oscar',     'Reyes Guzmán'),
(4018,'Lavanderia',         9000.00,'Av. López Mateos 190, Tijuana, BC',      '2021-02-28','6641900019','Carmen',    'Ortiz Vega'),
(4019,'Chef Ejecutivo',    23000.00,'Blvd. Agua Caliente 3400, Tijuana, BC', '2019-05-10','6641900020','Alejandro', 'Núñez Sánchez'),
(4020,'Cocinero',          12000.00,'Calle 3ra 712, Tijuana, BC',             '2020-03-17','6641900021','Beatriz',   'Mendoza Ramos'),
(4021,'Cocinero',          12000.00,'Av. Tecnológico 880, Tijuana, BC',       '2020-06-25','6641900022','Héctor',    'Ruiz Herrera'),
(4022,'Cocinero',          12000.00,'Calle 8va 430, Tecate, BC',              '2021-07-14','6641900023','Adriana',   'Silva Díaz'),
(4023,'Mesero',             9500.00,'Av. Centenario 1150, Tijuana, BC',       '2020-08-30','6641900024','Ricardo',   'Jiménez León'),
(4024,'Mesero',             9500.00,'Blvd. 2000 540, Tijuana, BC',            '2020-09-12','6641900025','Laura',     'Moreno Suárez'),
(4025,'Mesero',             9500.00,'Calle 6ta 320, Tijuana, BC',             '2021-05-06','6641900026','Eduardo',   'Ramos Medina'),
(4026,'Mesero',             9500.00,'Av. Internacional 780, Tijuana, BC',     '2021-08-20','6641900027','Sandra',    'Herrera Díaz'),
(4027,'Bartender',         11000.00,'Calle 4ta 260, Ensenada, BC',            '2020-12-01','6641900028','Arturo',    'Díaz Cabrera'),
(4028,'Bartender',         11000.00,'Blvd. Paseo del Mar 910, Ensenada, BC', '2021-06-09','6641900029','Verónica',  'León Montes'),
(4029,'Seguridad',         10500.00,'Av. Constitución 1230, Tijuana, BC',     '2019-10-14','6641900030','Manuel',    'Suárez Peña'),
(4030,'Seguridad',         10500.00,'Calle 9na 610, Tijuana, BC',             '2020-02-02','6641900031','Rosa',      'Medina Campos'),
(4031,'Seguridad',         10500.00,'Blvd. Fundadores 230, Tijuana, BC',      '2021-09-27','6641900032','Francisco', 'Rojas Soto'),
(4032,'Seguridad',         10500.00,'Av. Lázaro Cárdenas 850, Tijuana, BC',  '2022-01-03','6641900033','Gabriela',  'Cruz Fuentes'),
(4033,'Mantenimiento',     12500.00,'Calle 7ma 980, Tijuana, BC',             '2019-11-18','6641900034','Andrés',    'Delgado Espinoza'),
(4034,'Mantenimiento',     12500.00,'Av. Revolución 1100, Tijuana, BC',       '2020-04-07','6641900035','Patricia',  'Guzmán Acosta'),
(4035,'Mantenimiento',     12500.00,'Blvd. Insurgentes 770, Tijuana, BC',     '2021-10-15','6641900036','Sergio',    'Vega Navarro'),
(4036,'Coord. de Eventos', 16000.00,'Av. Padre Kino 440, Tijuana, BC',        '2020-05-20','6641900037','Alicia',    'Fuentes Paredes'),
(4037,'Coord. de Eventos', 16000.00,'Calle Madero 780, Mexicali, BC',         '2021-11-30','6641900038','Rodrigo',   'Castro Flores'),
(4038,'Ag. Reservaciones', 13000.00,'Blvd. Agua Caliente 990, Tijuana, BC',  '2020-03-11','6641900039','Patricia',  'Sánchez Morales'),
(4039,'Ag. Reservaciones', 13000.00,'Av. Reforma 2200, Tijuana, BC',          '2021-01-18','6641900040','Jorge',     'García Castro'),
(4040,'Ag. Reservaciones', 13000.00,'Calle 1ra 430, Rosarito, BC',            '2022-04-25','6641900041','Mariana',   'Espinoza Ramírez'),
(4041,'Contador',          20000.00,'Av. Díaz Ordaz 3300, Tijuana, BC',       '2019-07-22','6641900042','Mónica',    'Ríos Jiménez'),
(4042,'Contador',          20000.00,'Blvd. Fundadores 1450, Tijuana, BC',     '2020-05-30','6641900043','Ernesto',   'Cabrera León'),
(4043,'Recursos Humanos',  15500.00,'Calle 5ta 640, Tijuana, BC',             '2020-03-11','6641900044','Daniela',   'Montes Suárez'),
(4044,'Recursos Humanos',  15500.00,'Av. Hidalgo 890, Tijuana, BC',           '2021-08-16','6641900045','Javier',    'Peña Medina'),
(4045,'Marketing y Ventas',17500.00,'Blvd. Agua Caliente 2100, Tijuana, BC', '2020-06-03','6641900046','Natalia',   'Campos Rojas'),
(4046,'Marketing y Ventas',17500.00,'Av. Tecnológico 1560, Tijuana, BC',      '2021-09-14','6641900047','Mauricio',  'Soto Cabrera'),
(4047,'Spa Terapeuta',     13500.00,'Calle 3ra 870, Tijuana, BC',             '2020-07-07','6641900048','Diana',     'Torres Montes'),
(4048,'Spa Terapeuta',     13500.00,'Av. Constitución 1780, Tijuana, BC',     '2021-04-22','6641900049','Pablo',     'Méndez Peña'),
(4049,'Spa Terapeuta',     13500.00,'Blvd. Costero 560, Rosarito, BC',        '2022-01-17','6641900050','Karla',     'Ortega Campos');

-- Inserts clientes
INSERT INTO cliente (nombre, apellido, telefono, direccion, pais, tipo, correo, sexo, rfc) VALUES
('Ana',         'García López',       '6641110001','Tijuana',          'México',         'Regular', 'ana.garcia@gmail.com',       'F','GALA850115HBC'),
('Carlos',      'Mendoza Silva',      '5551110002','Ciudad de México', 'México',         'Regular', 'c.mendoza@outlook.com',      'M','MESC780320HDF'),
('María',       'Torres Cruz',        '8181110003','Monterrey',        'México',         'VIP',     'maria.torres@gmail.com',     'F','TOCM900714MNL'),
('Roberto',     'Ramírez Pérez',      '3331110004','Guadalajara',      'México',         'VIP',     'r.ramirez@hotmail.com',      'M','RAPR750508HJL'),
('Sofía',       'Hernández Ruiz',     '9981110005','Cancún',           'México',         'Regular', 'sofia.hrdz@gmail.com',       'F','HERS920301MQR'),
('Luis',        'González Soto',      '6641110006','Tijuana',          'México',         'Regular', 'luis.gs@yahoo.com',          'M','GOSL880916HBC'),
('Elena',       'Martínez Flores',    '2221110007','Puebla',           'México',         'VIP',     'elena.mf@gmail.com',         'F','MAFE850623MPB'),
('Jorge',       'Rodríguez Vargas',   '6621110008','Hermosillo',       'México',         'Regular', 'j.rodriguez@outlook.com',    'M','ROVJ920115HSO'),
('Patricia',    'López Castro',       '9991110009','Mérida',           'México',         'VIP',     'pat.lc@gmail.com',           'F','LOCP781115MYU'),
('Fernando',    'Sánchez Morales',    '6141110010','Chihuahua',        'México',         'Regular', NULL,                         'M','SAMF840228HCH'),
('Claudia',     'García Jiménez',     '5551110011','Ciudad de México', 'México',         'VIP',     'claudia.gj@gmail.com',       'F','GAJC870509MDF'),
('Ricardo',     'Torres Ortiz',       '6641110012','Tijuana',          'México',         'Regular', 'r.torres@hotmail.com',       'M','TORR910712HBC'),
('Valeria',     'Cruz Vega',          '8181110013','Monterrey',        'México',         'Premium', 'vale.cv@gmail.com',          'F','CVEV930317MNL'),
('Miguel',      'Hernández Díaz',     '4441110014','San Luis Potosí',  'México',         'Regular', 'm.hernandez@gmail.com',      'M','HEDM800621HSL'),
('Laura',       'Martínez León',      '3331110015','Guadalajara',      'México',         'VIP',     'laura.ml@outlook.com',       'F','MALL760418MJL'),
('Andrés',      'González Suárez',    '6641110016','Tijuana',          'México',         'Regular', 'andres.gs@yahoo.com',        'M','GOSA891103HBC'),
('Diana',       'Rodríguez Medina',   '4421110017','Querétaro',        'México',         'VIP',     'diana.rm@gmail.com',         'F','ROMD950228MQT'),
('Sebastián',   'López Rojas',        '7441110018','Acapulco',         'México',         'Regular', NULL,                         'M','LORSE881214HGR'),
('Isabella',    'García Cabrera',     '9981110019','Cancún',           'México',         'VIP',     'isa.gc@gmail.com',           'F','GACI970406MQR'),
('Alejandro',   'Torres Morales',     '5551110020','Ciudad de México', 'México',         'Regular', 'alex.tm@hotmail.com',        'M','TOMA830819HDF'),
('Camila',      'Sánchez Cruz',       '8181110021','Monterrey',        'México',         'VIP',     'camila.sc@gmail.com',        'F','SACC000115MNL'),
('Pablo',       'Hernández Ramos',    '6641110022','Tijuana',          'México',         'Regular', 'pablo.hr@outlook.com',       'M','HERA960722HBC'),
('Valentina',   'Rodríguez Díaz',     '3331110023','Guadalajara',      'México',         'VIP',     'vale.rd@gmail.com',          'F','RODV990910MJL'),
('Emilio',      'García Fuentes',     '6461110024','Ensenada',         'México',         'Premium', 'emi.gf@yahoo.com',           'M','GAFE870215HBC'),
('Natalia',     'Torres Acosta',      '6641110025','Tijuana',          'México',         'Regular', 'nata.ta@gmail.com',          'F','TOAN920527MBC'),
('James',       'Wilson Smith',       '6192201001','San Diego',        'Estados Unidos', 'VIP',     'j.wilson@gmail.com',         'M','P-USA-JWS7512'),
('Emily',       'Johnson Davis',      '3104401002','Los Angeles',      'Estados Unidos', 'Regular', 'emily.jd@yahoo.com',         'F','P-USA-EJD8803'),
('Michael',     'Brown Miller',       '2124401003','New York',         'Estados Unidos', 'VIP',     'm.brown@outlook.com',        'M','P-USA-MBM6901'),
('Sarah',       'Taylor Wilson',      '3054401004','Miami',            'Estados Unidos', 'Regular', 'sarah.tw@gmail.com',         'F','P-USA-STW9105'),
('David',       'Anderson Jones',     '6024401005','Phoenix',          'Estados Unidos', 'Premium', NULL,                         'M','P-USA-DAJ7208'),
('Jennifer',    'Martinez Garcia',    '7134401006','Houston',          'Estados Unidos', 'VIP',     'jenn.mg@gmail.com',          'F','P-USA-JMG8504'),
('Christopher', 'Moore White',        '3124401007','Chicago',          'Estados Unidos', 'Regular', NULL,                         'M','P-USA-CMW7706'),
('Amanda',      'Jackson Thompson',   '7024401008','Las Vegas',        'Estados Unidos', 'Regular', 'amanda.jt@yahoo.com',        'F','P-USA-AJT9012'),
('William',     'Thomas Harris',      '2064401009','Seattle',          'Estados Unidos', 'VIP',     'will.th@outlook.com',        'M','P-USA-WTH6803'),
('Elizabeth',   'White Martin',       '4154401010','San Francisco',    'Estados Unidos', 'Regular', 'liz.wm@gmail.com',           'F','P-USA-EWM9307'),
('Liam',        'Tremblay Gagnon',    '4165500001','Toronto',          'Canadá',         'VIP',     'liam.tg@gmail.com',          'M','P-CAN-LTG8209'),
('Emma',        'Bouchard Côté',      '6045500002','Vancouver',        'Canadá',         'Regular', 'emma.bc@hotmail.com',        'F','P-CAN-EBC9511'),
('Noah',        'Leblanc Fortin',     '5145500003','Montreal',         'Canadá',         'VIP',     'noah.lf@gmail.com',          'M','P-CAN-NLF8807'),
('Olivia',      'Roy Gauthier',       '4185500004','Quebec',           'Canadá',         'Regular', NULL,                         'F','P-CAN-ORG9206'),
('William',     'Girard Lavoie',      '4035500005','Calgary',          'Canadá',         'Regular', 'will.gl@outlook.com',        'M','P-CAN-WGL7904'),
('Pedro',       'Fernández Álvarez',  '6006600001','Madrid',           'España',         'VIP',     'pedro.fa@gmail.com',         'M','P-ESP-PFA7312'),
('Carmen',      'Ruiz Martínez',      '9336600002','Barcelona',        'España',         'Regular', 'carmen.rm@hotmail.com',      'F','P-ESP-CRM8604'),
('José',        'García Sánchez',     '9546600003','Sevilla',          'España',         'VIP',     'jose.gs@gmail.com',          'M','P-ESP-JGS6901'),
('Isabel',      'López Rodríguez',    '9636600004','Valencia',         'España',         'Regular', 'isabel.lr@yahoo.com',        'F','P-ESP-ILR9003'),
('Jean-Pierre', 'Dupont Martin',      '0147700001','París',            'Francia',        'Premium', 'jp.dupont@gmail.com',        'M','P-FRA-JPD6508'),
('Marie',       'Leclerc Bernard',    '0447700002','Lyon',             'Francia',        'VIP',     'marie.lb@hotmail.com',       'F','P-FRA-MLB7811'),
('François',    'Moreau Petit',       '0917700003','Marsella',         'Francia',        'Regular', 'f.moreau@gmail.com',         'M','P-FRA-FMP8203'),
('Diego',       'González Fernández', '1147800001','Buenos Aires',     'Argentina',      'VIP',     'diego.gf@gmail.com',         'M','P-ARG-DGF7607'),
('Valentina',   'Castro López',       '1147800002','Buenos Aires',     'Argentina',      'Regular', 'vale.cl@hotmail.com',        'F','P-ARG-VCL9410'),
('Sebastián',   'Torres Vargas',      '3177900001','Bogotá',           'Colombia',       'VIP',     'seba.tv@gmail.com',          'M','P-COL-STV8502');

-- Insert habitaciones
INSERT INTO habitacion (id_categoria_habitacion, estado, ext_tel, capacidad, numero) VALUES
(4000,'Disponible',  101, 2, 101),
(4000,'Disponible',  102, 2, 102),
(4000,'Disponible',  103, 2, 103),
(4000,'Disponible',  104, 2, 104),
(4000,'Disponible',  105, 2, 105),
(4000,'Disponible',  106, 2, 106),
(4000,'Disponible',  107, 2, 107),
(4000,'Disponible',  108, 2, 108),
(4000,'Disponible',  109, 2, 109),
(4000,'Disponible',  110, 2, 110),
(4000,'Ocupado',     111, 2, 111),
(4000,'Ocupado',     112, 2, 112),
(4000,'Ocupado',     113, 2, 113),
(4000,'Mantenimiento',114, 2, 114),
(4000,'Limpieza',    115, 2, 115),
(4001,'Disponible',  201, 3, 201),
(4001,'Disponible',  202, 3, 202),
(4001,'Disponible',  203, 3, 203),
(4001,'Disponible',  204, 3, 204),
(4001,'Disponible',  205, 3, 205),
(4001,'Disponible',  206, 3, 206),
(4001,'Disponible',  207, 3, 207),
(4001,'Disponible',  208, 3, 208),
(4002,'Disponible',  301, 4, 301),
(4002,'Disponible',  302, 4, 302),
(4002,'Disponible',  303, 4, 303),
(4002,'Disponible',  304, 4, 304),
(4002,'Disponible',  305, 4, 305),
(4002,'Disponible',  306, 4, 306),
(4002,'Disponible',  307, 4, 307),
(4002,'Ocupado',     308, 4, 308),
(4002,'Ocupado',     309, 4, 309),
(4002,'Mantenimiento',310, 4, 310),
(4003,'Disponible',  401, 6, 401),
(4003,'Disponible',  402, 6, 402),
(4003,'Ocupado',     403, 6, 403),
(4003,'Ocupado',     404, 6, 404),
(4004,'Disponible',  501, 5, 501),
(4004,'Disponible',  502, 5, 502),
(4004,'Disponible',  503, 5, 503),
(4004,'Disponible',  504, 5, 504),
(4004,'Ocupado',     505, 5, 505),
(4004,'Ocupado',     506, 5, 506)
(4005,'Disponible', 601, 2, 601),
(4005,'Disponible', 602, 2, 602),
(4005,'Disponible', 603, 2, 603),
(4005,'Disponible', 604, 2, 604),
(4005,'Disponible', 605, 2, 605),
(4005,'Disponible', 606, 2, 606),
(4005,'Disponible', 607, 2, 607),
(4005,'Disponible', 608, 2, 608),
(4006,'Disponible', 701, 6, 701),
(4006,'Disponible', 702, 6, 702),
(4006,'Disponible', 703, 6, 703),
(4006,'Disponible', 704, 6, 704);

-- Inserts en categoria_serv
INSERT INTO categoria_serv (tipo, descripcion, estado) VALUES
('Spa', 'INTERNO: tratamientos de relajacion y bienestar corporal', 1),
('Gimnasio', 'INTERNO: acceso a gimnasio y entrenamiento personal', 1),
('Restaurant', 'INTERNO: servicio de alimentos en restaurante', 1),
('Bar', 'INTERNO: bebidas, cocteleria y barra', 1),
('Eventos', 'INTERNO: salon de eventos, bodas y conferencias', 1),
('Discoteca', 'INTERNO: club nocturno y pista de baile', 1),
('Golf', 'INTERNO: campo de golf y clases', 1),
('Room Serv', 'INTERNO: servicio de alimentos a la habitacion', 1),
('Casino', 'INTERNO: mesas de juego y maquinas', 0),
('Alberca', 'INTERNO: alberca, camastros y bar acuatico', 1),
('Lavanderia', 'INTERNO: lavado, planchado y tintoreria', 1),
('Tours', 'EXTERNO: tours a parques y atracciones', 1),
('Museos', 'EXTERNO: visitas guiadas a museos y zonas historicas', 1),
('Festivales', 'EXTERNO: acceso a festivales y eventos de temporada', 1),
('Traslados', 'EXTERNO: traslados al aeropuerto y transporte', 1);

-- Inserts bitacora_habitacion
INSERT INTO bitacora_habitacion (id_habitacion, id_estancia, id_empleado, estado_anterior, estado_nuevo, fecha_hora) VALUES
(3020, NULL, 4014, 'Limpieza', 'Disponible', '2022-05-08 12:00:00'),
(3030, NULL, 4035, 'Limpieza', 'Disponible', '2024-06-06 13:10:00'),
(3040, NULL, 4035, 'Mantenimiento', 'Disponible', '2021-01-05 14:00:00'),
(3011, NULL, 4014, 'Disponible', 'Mantenimiento', '2023-11-05 18:10:00'),
(3020, NULL, 4012, 'Limpieza', 'Disponible', '2021-06-28 23:15:00'),
(3030, NULL, 4014, 'Mantenimiento', 'Disponible', '2022-04-08 12:00:00'),
(3006, 4006, 4006, 'Disponible', 'Ocupado', '2026-01-20 20:45:00'),
(3004, NULL, 4012, 'Mantenimiento', 'Disponible', '2025-09-16 12:15:00'),
(3003, 4003, 4006, 'Disponible', 'Ocupado', '2023-08-03 08:45:00'),
(3008, 4008, 4005, 'Disponible', 'Ocupado', '2024-07-08 23:00:00'),
(3033, NULL, 4011, 'Limpieza', 'Disponible', '2025-08-24 18:45:00'),
(3033, NULL, 4014, 'Mantenimiento', 'Disponible', '2022-03-25 21:30:00'),
(3049, NULL, 4033, 'Ocupado', 'Limpieza', '2021-01-27 07:00:00'),
(3040, NULL, 4011, 'Disponible', 'Mantenimiento', '2025-03-08 17:30:00'),
(3008, 4008, 4006, 'Disponible', 'Ocupado', '2026-01-28 21:00:00'),
(3044, NULL, 4012, 'Disponible', 'Mantenimiento', '2021-10-29 15:45:00'),
(3000, 4000, 4005, 'Disponible', 'Ocupado', '2026-02-18 17:30:00'),
(3000, NULL, 4011, 'Mantenimiento', 'Disponible', '2025-06-15 21:10:00'),
(3000, 4000, 4003, 'Disponible', 'Ocupado', '2021-06-30 20:00:00'),
(3030, NULL, 4012, 'Disponible', 'Mantenimiento', '2025-12-15 10:10:00'),
(3013, NULL, 4012, 'Limpieza', 'Disponible', '2021-11-27 11:10:00'),
(3001, 4001, 4003, 'Disponible', 'Ocupado', '2024-10-05 22:30:00'),
(3045, NULL, 4033, 'Mantenimiento', 'Disponible', '2023-09-30 22:15:00'),
(3006, NULL, 4034, 'Mantenimiento', 'Disponible', '2024-06-27 19:15:00'),
(3017, NULL, 4015, 'Mantenimiento', 'Disponible', '2023-07-19 12:00:00'),
(3031, NULL, 4012, 'Mantenimiento', 'Disponible', '2021-03-15 06:10:00'),
(3002, 4002, 4002, 'Disponible', 'Ocupado', '2023-11-12 12:00:00'),
(3010, NULL, 4012, 'Disponible', 'Mantenimiento', '2024-09-22 18:15:00'),
(3031, NULL, 4035, 'Disponible', 'Mantenimiento', '2024-11-24 18:10:00'),
(3016, NULL, 4015, 'Disponible', 'Mantenimiento', '2025-11-06 08:45:00'),
(3020, NULL, 4014, 'Limpieza', 'Disponible', '2025-05-08 14:15:00'),
(3047, NULL, 4035, 'Disponible', 'Mantenimiento', '2023-03-18 22:45:00'),
(3016, NULL, 4033, 'Disponible', 'Mantenimiento', '2025-03-09 23:15:00'),
(3008, 4008, 4002, 'Disponible', 'Ocupado', '2021-10-25 10:15:00'),
(3006, 4006, 4006, 'Disponible', 'Ocupado', '2024-06-30 23:45:00'),
(3003, NULL, 4035, 'Mantenimiento', 'Disponible', '2021-02-15 09:10:00'),
(3010, NULL, 4016, 'Limpieza', 'Disponible', '2021-05-04 22:45:00'),
(3024, NULL, 4012, 'Mantenimiento', 'Disponible', '2025-12-07 15:00:00'),
(3029, NULL, 4011, 'Limpieza', 'Disponible', '2021-04-07 20:10:00'),
(3025, NULL, 4035, 'Disponible', 'Mantenimiento', '2025-10-08 08:30:00'),
(3003, 4003, 4002, 'Disponible', 'Ocupado', '2023-02-09 10:00:00'),
(3038, NULL, 4015, 'Limpieza', 'Disponible', '2024-07-20 11:45:00'),
(3002, 4002, 4002, 'Disponible', 'Ocupado', '2024-02-02 18:45:00'),
(3005, 4005, 4005, 'Disponible', 'Ocupado', '2022-02-22 23:45:00'),
(3020, NULL, 4034, 'Limpieza', 'Disponible', '2022-04-16 12:30:00'),
(3027, NULL, 4033, 'Mantenimiento', 'Disponible', '2025-02-19 23:10:00'),
(3044, NULL, 4012, 'Disponible', 'Mantenimiento', '2022-03-10 15:15:00'),
(3041, NULL, 4033, 'Limpieza', 'Disponible', '2022-01-27 22:45:00'),
(3041, NULL, 4014, 'Limpieza', 'Disponible', '2022-06-05 17:10:00'),
(3022, NULL, 4013, 'Ocupado', 'Limpieza', '2025-08-30 14:45:00');

-- Inserts servicios
INSERT INTO servicio (id_categoria_serv, nombre, descripcion, estado, precio) VALUES
(4007, 'Masaje relajante', 'Servicio: masaje relajante.', 1, 2427.85),
(4007, 'Masaje deportivo', 'Servicio: masaje deportivo.', 1, 3209.17),
(4007, 'Facial hidratante', 'Servicio: facial hidratante.', 0, 2052.07),
(4012, 'Sauna y vapor', 'Servicio: sauna y vapor.', 1, 640.15),
(4008, 'Manicure y pedicure', 'Servicio: manicure y pedicure.', 1, 1585.59),
(4005, 'Coctel de la casa', 'Servicio: coctel de la casa.', 0, 2141.98),
(4010, 'Vino tinto reserva', 'Servicio: vino tinto reserva.', 1, 1970.06),
(4000, 'Cerveza artesanal', 'Servicio: cerveza artesanal.', 1, 2307.64),
(4002, 'Margarita premium', 'Servicio: margarita premium.', 1, 2311.02),
(4014, 'Mojito clasico', 'Servicio: mojito clasico.', 1, 1647.15),
(4012, 'Desayuno buffet', 'Servicio: desayuno buffet.', 1, 1755.38),
(4010, 'Cena gourmet', 'Servicio: cena gourmet.', 1, 556.49),
(4008, 'Room service nocturno', 'Servicio: room service nocturno.', 1, 2774.68),
(4008, 'Menu infantil', 'Servicio: menu infantil.', 1, 662.12),
(4013, 'Brunch dominical', 'Servicio: brunch dominical.', 1, 1438.1),
(4006, 'Tour Valle de Guadalupe', 'Servicio: tour valle de guadalupe.', 0, 3054.0),
(4006, 'City tour Tijuana', 'Servicio: city tour tijuana.', 1, 752.73),
(4002, 'Tour gastronomico', 'Servicio: tour gastronomico.', 1, 1688.03),
(4012, 'Recorrido playero', 'Servicio: recorrido playero.', 0, 1092.33),
(4002, 'Avistamiento ballenas', 'Servicio: avistamiento ballenas.', 1, 1875.35),
(4007, 'Lavado express', 'Servicio: lavado express.', 1, 1902.11),
(4008, 'Planchado de traje', 'Servicio: planchado de traje.', 1, 2878.59),
(4013, 'Tintoreria fina', 'Servicio: tintoreria fina.', 1, 901.91),
(4001, 'Lavado de cortinas', 'Servicio: lavado de cortinas.', 0, 2302.4),
(4006, 'Boleo de calzado', 'Servicio: boleo de calzado.', 1, 3368.85),
(4005, 'Pase de gimnasio', 'Servicio: pase de gimnasio.', 1, 1308.75),
(4010, 'Sesion con entrenador', 'Servicio: sesion con entrenador.', 1, 490.76),
(4011, 'Clase de yoga', 'Servicio: clase de yoga.', 1, 1998.6),
(4009, 'Spinning matutino', 'Servicio: spinning matutino.', 1, 2046.04),
(4009, 'Crossfit', 'Servicio: crossfit.', 1, 2385.64),
(4002, 'Traslado aeropuerto', 'Servicio: traslado aeropuerto.', 1, 2761.61),
(4001, 'Renta auto compacto', 'Servicio: renta auto compacto.', 0, 698.91),
(4010, 'Renta SUV', 'Servicio: renta suv.', 1, 2685.8),
(4011, 'Chofer privado', 'Servicio: chofer privado.', 1, 2303.29),
(4001, 'Tour en limusina', 'Servicio: tour en limusina.', 1, 1055.54),
(4013, 'Salon de eventos', 'Servicio: salon de eventos.', 1, 1103.7),
(4005, 'Coffee break', 'Servicio: coffee break.', 1, 1001.7),
(4001, 'Banquete de boda', 'Servicio: banquete de boda.', 1, 1511.35),
(4014, 'Conferencia empresarial', 'Servicio: conferencia empresarial.', 1, 1521.11),
(4000, 'Decoracion floral', 'Servicio: decoracion floral.', 1, 446.0),
(4000, 'Sala de juntas A', 'Servicio: sala de juntas a.', 1, 535.81),
(4010, 'Proyector y equipo AV', 'Servicio: proyector y equipo av.', 1, 1184.61),
(4007, 'Servicio de secretaria', 'Servicio: servicio de secretaria.', 1, 3245.63),
(4005, 'Internet dedicado', 'Servicio: internet dedicado.', 1, 2127.91),
(4006, 'Catering ejecutivo', 'Servicio: catering ejecutivo.', 1, 2440.25),
(4013, 'Acceso a alberca', 'Servicio: acceso a alberca.', 1, 1434.98),
(4013, 'Cabana privada', 'Servicio: cabana privada.', 1, 314.79),
(4011, 'Clase de natacion', 'Servicio: clase de natacion.', 0, 3089.05),
(4004, 'Bar acuatico', 'Servicio: bar acuatico.', 1, 1098.7),
(4012, 'Kit de toallas premium', 'Servicio: kit de toallas premium.', 1, 1123.66);

-- Inserts nomina
INSERT INTO nomina (id_empleado, estado_pago, horas_extra, fecha_inicio, fecha_fin, salario_neto, impuestos, fecha_pago, salario_base) VALUES
(4000, 'Pagado', 6, '2023-10-01', '2023-10-15', 33345.0, 6080.0, '2023-10-16', 38000.00),
(4001, 'Pagado', 0, '2025-01-01', '2025-01-15', 22680.0, 4320.0, '2025-01-16', 27000.00),
(4002, 'Pagado', 8, '2021-02-01', '2021-02-15', 12015.0, 2160.0, '2021-02-16', 13500.00),
(4003, 'Pagado', 8, '2023-10-16', '2023-10-30', 12015.0, 2160.0, '2023-10-31', 13500.00),
(4004, 'Pendiente', 6, '2025-03-16', '2025-03-30', 11846.25, 2160.0, '2025-03-31', 13500.00),
(4005, 'Pagado', 6, '2024-04-16', '2024-04-30', 11846.25, 2160.0, '2024-05-01', 13500.00),
(4006, 'Pendiente', 12, '2022-03-01', '2022-03-15', 12352.5, 2160.0, '2022-03-16', 13500.00),
(4007, 'Pagado', 4, '2022-04-01', '2022-04-15', 9947.5, 1840.0, '2022-04-16', 11500.00),
(4008, 'Pagado', 4, '2025-08-16', '2025-08-30', 9947.5, 1840.0, '2025-08-31', 11500.00),
(4009, 'Pagado', 4, '2022-11-01', '2022-11-15', 6920.0, 1280.0, '2022-11-16', 8000.00),
(4010, 'Pagado', 8, '2021-11-16', '2021-11-30', 7120.0, 1280.0, '2021-12-01', 8000.00),
(4011, 'Pagado', 10, '2025-12-16', '2025-12-30', 14440.0, 2560.0, '2025-12-31', 16000.00),
(4012, 'Pendiente', 10, '2021-11-01', '2021-11-15', 9476.25, 1680.0, '2021-11-16', 10500.00),
(4013, 'Pendiente', 0, '2022-11-01', '2022-11-15', 8820.0, 1680.0, '2022-11-16', 10500.00),
(4014, 'Pagado', 10, '2023-04-16', '2023-04-30', 9476.25, 1680.0, '2023-05-01', 10500.00),
(4015, 'Pendiente', 12, '2022-06-16', '2022-06-30', 9607.5, 1680.0, '2022-07-01', 10500.00),
(4016, 'Pagado', 10, '2024-09-16', '2024-09-30', 9476.25, 1680.0, '2024-10-01', 10500.00),
(4017, 'Pagado', 0, '2022-11-16', '2022-11-30', 7560.0, 1440.0, '2022-12-01', 9000.00),
(4018, 'Pagado', 6, '2021-06-16', '2021-06-30', 7897.5, 1440.0, '2021-07-01', 9000.00),
(4019, 'Pagado', 10, '2022-02-16', '2022-03-02', 20757.5, 3680.0, '2022-03-03', 23000.00),
(4020, 'Pagado', 8, '2023-03-01', '2023-03-15', 10680.0, 1920.0, '2023-03-16', 12000.00),
(4021, 'Pagado', 8, '2022-12-16', '2022-12-30', 10680.0, 1920.0, '2022-12-31', 12000.00),
(4022, 'Pagado', 6, '2024-09-01', '2024-09-15', 10530.0, 1920.0, '2024-09-16', 12000.00),
(4023, 'Pagado', 0, '2022-12-16', '2022-12-30', 7980.0, 1520.0, '2022-12-31', 9500.00),
(4024, 'Pagado', 8, '2023-05-01', '2023-05-15', 8455.0, 1520.0, '2023-05-16', 9500.00),
(4025, 'Pagado', 0, '2023-05-16', '2023-05-30', 7980.0, 1520.0, '2023-05-31', 9500.00),
(4026, 'Pendiente', 0, '2024-04-01', '2024-04-15', 7980.0, 1520.0, '2024-04-16', 9500.00),
(4027, 'Pagado', 6, '2023-09-01', '2023-09-15', 9652.5, 1760.0, '2023-09-16', 11000.00),
(4028, 'Pagado', 0, '2023-09-01', '2023-09-15', 9240.0, 1760.0, '2023-09-16', 11000.00),
(4029, 'Pagado', 0, '2021-09-01', '2021-09-15', 8820.0, 1680.0, '2021-09-16', 10500.00),
(4030, 'Pagado', 0, '2023-05-01', '2023-05-15', 8820.0, 1680.0, '2023-05-16', 10500.00),
(4031, 'Pagado', 8, '2025-04-01', '2025-04-15', 9345.0, 1680.0, '2025-04-16', 10500.00),
(4032, 'Pendiente', 4, '2024-02-01', '2024-02-15', 9082.5, 1680.0, '2024-02-16', 10500.00),
(4033, 'Pagado', 4, '2025-05-01', '2025-05-15', 10812.5, 2000.0, '2025-05-16', 12500.00),
(4034, 'Pagado', 6, '2024-02-01', '2024-02-15', 10968.75, 2000.0, '2024-02-16', 12500.00),
(4035, 'Pagado', 10, '2024-10-16', '2024-10-30', 11281.25, 2000.0, '2024-10-31', 12500.00),
(4036, 'Pagado', 0, '2021-08-16', '2021-08-30', 13440.0, 2560.0, '2021-08-31', 16000.00),
(4037, 'Pendiente', 12, '2022-03-16', '2022-03-30', 14640.0, 2560.0, '2022-03-31', 16000.00),
(4038, 'Pendiente', 8, '2025-06-16', '2025-06-30', 11570.0, 2080.0, '2025-07-01', 13000.00),
(4039, 'Pendiente', 6, '2023-03-01', '2023-03-15', 11407.5, 2080.0, '2023-03-16', 13000.00),
(4040, 'Pendiente', 0, '2023-06-16', '2023-06-30', 10920.0, 2080.0, '2023-07-01', 13000.00),
(4041, 'Pendiente', 0, '2022-08-01', '2022-08-15', 16800.0, 3200.0, '2022-08-16', 20000.00),
(4042, 'Pagado', 4, '2023-02-16', '2023-03-02', 17300.0, 3200.0, '2023-03-03', 20000.00),
(4043, 'Pagado', 12, '2024-05-01', '2024-05-15', 14182.5, 2480.0, '2024-05-16', 15500.00),
(4044, 'Pagado', 0, '2023-03-01', '2023-03-15', 13020.0, 2480.0, '2023-03-16', 15500.00),
(4045, 'Pendiente', 4, '2025-08-16', '2025-08-30', 15137.5, 2800.0, '2025-08-31', 17500.00),
(4046, 'Pendiente', 0, '2025-12-16', '2025-12-30', 14700.0, 2800.0, '2025-12-31', 17500.00),
(4047, 'Pagado', 4, '2021-11-16', '2021-11-30', 11677.5, 2160.0, '2021-12-01', 13500.00),
(4048, 'Pagado', 6, '2023-11-16', '2023-11-30', 11846.25, 2160.0, '2023-12-01', 13500.00),
(4049, 'Pagado', 6, '2022-01-16', '2022-01-30', 11846.25, 2160.0, '2022-01-31', 13500.00);

-- Inserts bono
INSERT INTO bono (id_nomina, monto, emisor, fecha_inicio, fecha_fin) VALUES
(4000, 4330.99, 'Finanzas', '2022-06-15', '2022-08-14'),
(4001, 3363.22, 'Direccion', '2023-01-01', '2023-01-31'),
(4002, 2817.24, 'Direccion', '2023-01-01', '2023-03-02'),
(4003, 3960.22, 'RH', '2021-09-01', '2021-11-30'),
(4004, 1428.67, 'Gerencia', '2022-06-01', '2022-07-31'),
(4005, 2848.1, 'Gerencia', '2023-02-15', '2023-05-16'),
(4006, 700.16, 'Gerencia', '2021-01-15', '2021-03-16'),
(4007, 1930.18, 'Finanzas', '2024-06-15', '2024-08-14'),
(4008, 665.22, 'Finanzas', '2023-08-15', '2023-10-14'),
(4009, 1642.34, 'Finanzas', '2022-01-15', '2022-03-16'),
(4010, 4290.11, 'Finanzas', '2022-06-15', '2022-09-13'),
(4011, 4383.2, 'Direccion', '2023-04-01', '2023-05-31'),
(4012, 4885.04, 'Direccion', '2024-10-01', '2024-12-30'),
(4013, 1315.22, 'Gerencia', '2024-06-15', '2024-08-14'),
(4014, 978.64, 'Gerencia', '2023-09-15', '2023-12-14'),
(4015, 2430.45, 'Gerencia', '2021-08-01', '2021-08-31'),
(4016, 2698.63, 'Direccion', '2025-04-15', '2025-07-14'),
(4017, 3230.47, 'Gerencia', '2023-07-01', '2023-07-31'),
(4018, 4394.39, 'Direccion', '2022-03-01', '2022-05-30'),
(4019, 4833.96, 'Direccion', '2023-03-01', '2023-04-30'),
(4020, 3618.41, 'Gerencia', '2022-08-01', '2022-08-31'),
(4021, 4808.49, 'Direccion', '2022-07-15', '2022-10-13'),
(4022, 913.95, 'Finanzas', '2022-09-15', '2022-12-14'),
(4023, 2787.07, 'Finanzas', '2022-06-01', '2022-08-30'),
(4024, 3137.04, 'Direccion', '2021-01-01', '2021-03-02'),
(4025, 1360.97, 'RH', '2023-01-01', '2023-04-01'),
(4026, 1585.04, 'Finanzas', '2024-07-01', '2024-07-31'),
(4027, 4963.39, 'Finanzas', '2022-06-01', '2022-08-30'),
(4028, 1441.31, 'Direccion', '2024-08-15', '2024-11-13'),
(4029, 4454.19, 'Gerencia', '2024-09-15', '2024-10-15'),
(4030, 3716.63, 'Gerencia', '2022-02-01', '2022-04-02'),
(4031, 2451.14, 'Finanzas', '2021-03-01', '2021-05-30'),
(4032, 4530.98, 'Direccion', '2021-09-01', '2021-11-30'),
(4033, 2644.59, 'Finanzas', '2023-06-15', '2023-07-15'),
(4034, 983.58, 'Gerencia', '2023-06-15', '2023-07-15'),
(4035, 2198.31, 'RH', '2025-04-15', '2025-06-14'),
(4036, 854.73, 'Finanzas', '2025-06-15', '2025-09-13'),
(4037, 1835.41, 'RH', '2023-09-01', '2023-10-31'),
(4038, 4651.53, 'RH', '2025-01-01', '2025-04-01'),
(4039, 2653.84, 'RH', '2024-10-15', '2025-01-13'),
(4040, 973.19, 'RH', '2022-06-01', '2022-07-01'),
(4041, 4873.41, 'RH', '2022-09-15', '2022-10-15'),
(4042, 4837.47, 'Direccion', '2025-09-01', '2025-11-30'),
(4043, 1950.14, 'Finanzas', '2022-05-15', '2022-06-14'),
(4044, 4375.34, 'Direccion', '2022-07-01', '2022-09-29'),
(4045, 3180.6, 'Finanzas', '2024-01-15', '2024-02-14'),
(4046, 2217.29, 'RH', '2022-02-15', '2022-05-16'),
(4047, 653.19, 'Finanzas', '2024-04-15', '2024-07-14'),
(4048, 1912.44, 'Finanzas', '2022-05-01', '2022-07-30'),
(4049, 4412.83, 'Gerencia', '2025-01-15', '2025-04-15');

-- Inserts reservacion
INSERT INTO reservacion (id_cliente, fecha_entrada, fecha_salida, direccion, estado, tipo, identificacion) VALUES
(4002, '2026-05-21', '2026-05-30', 'Reserva Myzrah', 'Activa', 'Negocios', 'RES-1000-4002'),
(4003, '2026-05-25', '2026-06-04', 'Reserva Myzrah', 'Activa', 'Sencilla', 'RES-1001-4003'),
(4006, '2026-05-23', '2026-06-01', 'Reserva Myzrah', 'Activa', 'Negocios', 'RES-1002-4006'),
(4008, '2026-05-26', '2026-06-02', 'Reserva Myzrah', 'Activa', 'Suite', 'RES-1003-4008'),
(4010, '2026-05-25', '2026-05-28', 'Reserva Myzrah', 'Activa', 'Doble', 'RES-1004-4010'),
(4029, '2026-05-29', '2026-06-03', 'Reserva Myzrah', 'Activa', 'Negocios', 'RES-1005-4029'),
(4009, '2026-05-22', '2026-06-01', 'Reserva Myzrah', 'Activa', 'Sencilla', 'RES-1006-4009'),
(4003, '2023-01-08', '2023-01-12', 'Reserva Myzrah', 'Finalizada', 'Negocios', 'RES-1007-4003'),
(4049, '2022-06-17', '2022-06-29', 'Reserva Myzrah', 'Finalizada', 'Doble', 'RES-1008-4049'),
(4023, '2023-09-22', '2023-09-30', 'Reserva Myzrah', 'Finalizada', 'Familiar', 'RES-1009-4023'),
(4027, '2023-11-14', '2023-11-27', 'Reserva Myzrah', 'Finalizada', 'Familiar', 'RES-1010-4027'),
(4038, '2025-08-20', '2025-08-28', 'Reserva Myzrah', 'Finalizada', 'Sencilla', 'RES-1011-4038'),
(4010, '2025-07-13', '2025-07-20', 'Reserva Myzrah', 'Finalizada', 'Sencilla', 'RES-1012-4010'),
(4007, '2024-02-17', '2024-02-28', 'Reserva Myzrah', 'Finalizada', 'Familiar', 'RES-1013-4007'),
(4006, '2026-02-02', '2026-02-03', 'Reserva Myzrah', 'Finalizada', 'Familiar', 'RES-1014-4006'),
(4002, '2025-08-30', '2025-09-04', 'Reserva Myzrah', 'Finalizada', 'Sencilla', 'RES-1015-4002'),
(4044, '2022-10-11', '2022-10-19', 'Reserva Myzrah', 'Finalizada', 'Doble', 'RES-1016-4044'),
(4003, '2026-02-21', '2026-03-06', 'Reserva Myzrah', 'Finalizada', 'Doble', 'RES-1017-4003'),
(4003, '2021-07-21', '2021-07-29', 'Reserva Myzrah', 'Finalizada', 'Sencilla', 'RES-1018-4003'),
(4006, '2024-11-12', '2024-11-24', 'Reserva Myzrah', 'Finalizada', 'Suite', 'RES-1019-4006'),
(4002, '2026-06-06', '2026-06-14', 'Reserva Myzrah', 'Pendiente', 'Doble', 'RES-1020-4002'),
(4034, '2026-06-01', '2026-06-13', 'Reserva Myzrah', 'Pendiente', 'Negocios', 'RES-1021-4034'),
(4041, '2026-06-03', '2026-06-14', 'Reserva Myzrah', 'Confirmada', 'Suite', 'RES-1022-4041'),
(4002, '2026-06-02', '2026-06-08', 'Reserva Myzrah', 'Pendiente', 'Suite', 'RES-1023-4002'),
(4021, '2026-05-31', '2026-06-12', 'Reserva Myzrah', 'Confirmada', 'Sencilla', 'RES-1024-4021'),
(4013, '2026-06-06', '2026-06-09', 'Reserva Myzrah', 'Pendiente', 'Suite', 'RES-1025-4013'),
(4002, '2026-09-30', '2026-10-02', 'Reserva Myzrah', 'Confirmada', 'Doble', 'RES-1026-4002'),
(4046, '2026-06-07', '2026-06-17', 'Reserva Myzrah', 'Confirmada', 'Sencilla', 'RES-1027-4046'),
(4048, '2026-10-24', '2026-11-03', 'Reserva Myzrah', 'Confirmada', 'Doble', 'RES-1028-4048'),
(4006, '2026-12-27', '2026-12-31', 'Reserva Myzrah', 'Confirmada', 'Suite Ejecutiva', 'RES-1029-4006'),
(4030, '2026-07-07', '2026-07-08', 'Reserva Myzrah', 'Pendiente', 'Suite Ejecutiva', 'RES-1030-4030'),
(4006, '2026-12-16', '2026-12-21', 'Reserva Myzrah', 'Pendiente', 'Suite Ejecutiva', 'RES-1031-4006'),
(4003, '2026-11-25', '2026-12-01', 'Reserva Myzrah', 'Pendiente', 'Negocios', 'RES-1032-4003'),
(4008, '2026-07-16', '2026-07-22', 'Reserva Myzrah', 'Confirmada', 'Sencilla', 'RES-1033-4008'),
(4015, '2026-11-24', '2026-12-04', 'Reserva Myzrah', 'Pendiente', 'Familiar', 'RES-1034-4015'),
(4006, '2026-12-20', '2027-01-01', 'Reserva Myzrah', 'Confirmada', 'Negocios', 'RES-1035-4006'),
(4016, '2026-12-08', '2026-12-17', 'Reserva Myzrah', 'Confirmada', 'Suite Ejecutiva', 'RES-1036-4016'),
(4045, '2026-08-03', '2026-08-13', 'Reserva Myzrah', 'Confirmada', 'Sencilla', 'RES-1037-4045'),
(4003, '2026-07-10', '2026-07-22', 'Reserva Myzrah', 'Pendiente', 'Suite', 'RES-1038-4003'),
(4035, '2026-10-14', '2026-10-16', 'Reserva Myzrah', 'Confirmada', 'Suite Ejecutiva', 'RES-1039-4035'),
(4032, '2026-09-21', '2026-09-24', 'Reserva Myzrah', 'Pendiente', 'Familiar', 'RES-1040-4032'),
(4002, '2027-02-01', '2027-02-11', 'Reserva Myzrah', 'Confirmada', 'Negocios', 'RES-1041-4002'),
(4001, '2026-08-24', '2026-08-31', 'Reserva Myzrah', 'Pendiente', 'Suite Ejecutiva', 'RES-1042-4001'),
(4022, '2026-09-14', '2026-09-23', 'Reserva Myzrah', 'Confirmada', 'Sencilla', 'RES-1043-4022'),
(4026, '2026-06-29', '2026-07-06', 'Reserva Myzrah', 'Cancelada', 'Doble', 'RES-1044-4026'),
(4018, '2026-05-13', '2026-05-15', 'Reserva Myzrah', 'Cancelada', 'Suite Ejecutiva', 'RES-1045-4018'),
(4002, '2026-08-17', '2026-08-19', 'Reserva Myzrah', 'Cancelada', 'Suite Ejecutiva', 'RES-1046-4002'),
(4028, '2026-05-23', '2026-05-29', 'Reserva Myzrah', 'Cancelada', 'Familiar', 'RES-1047-4028'),
(4017, '2026-08-08', '2026-08-09', 'Reserva Myzrah', 'Cancelada', 'Sencilla', 'RES-1048-4017'),
(4039, '2026-05-16', '2026-05-25', 'Reserva Myzrah', 'Cancelada', 'Suite', 'RES-1049-4039');

-- Inserts detalle_reservacion
INSERT INTO detalle_reservacion (id_reservacion) VALUES
(1000),
(1001),
(1002),
(1003),
(1004),
(1005),
(1006),
(1007),
(1008),
(1009),
(1010),
(1011),
(1012),
(1013),
(1014),
(1015),
(1016),
(1017),
(1018),
(1019),
(1020),
(1021),
(1022),
(1023),
(1024),
(1025),
(1026),
(1027),
(1028),
(1029),
(1030),
(1031),
(1032),
(1033),
(1034),
(1035),
(1036),
(1037),
(1038),
(1039),
(1040),
(1041),
(1042),
(1043),
(1044),
(1045),
(1046),
(1047),
(1048),
(1049);

-- inserts acompañante
INSERT INTO acompanante (id_reservacion, telefono, sexo, nombre, apellido, fecha_nac) VALUES
(1000, '6642099053', 'F', 'Luis', 'Lopez Torres', '1970-03-21'),
(1001, '6648908490', 'F', 'Pedro', 'Rico Rico', '2004-11-02'),
(1002, '6649668672', 'M', 'Rosa', 'Lopez Soto', '1999-03-18'),
(1003, '6647593111', 'F', 'Pedro', 'Ramirez Lopez', '1987-04-18'),
(1004, '6642499444', 'F', 'Iris', 'Diaz Perez', '1965-07-13'),
(1005, '6644344762', 'F', 'Hugo', 'Torres Mora', '1975-04-06'),
(1006, '6642550477', 'M', 'Paula', 'Garcia Rico', '2006-03-15'),
(1007, '6649670768', 'M', 'Rosa', 'Rico Perez', '1973-10-28'),
(1008, '6649304350', 'M', 'Diego', 'Lopez Flores', '2008-06-06'),
(1009, '6648023433', 'F', 'Mateo', 'Cruz Garcia', '1970-12-16'),
(1010, '6641352534', 'F', 'Sofia', 'Garcia Flores', '2012-11-19'),
(1011, '6644013854', 'F', 'Lena', 'Soto Lopez', '1980-05-20'),
(1012, '6643944749', 'F', 'Pablo', 'Garcia Ramirez', '1966-06-24'),
(1013, '6643669893', 'F', 'Lucia', 'Garcia Perez', '2007-08-25'),
(1014, '6646219134', 'M', 'Nora', 'Torres Lopez', '1965-10-17'),
(1015, '6643526059', 'F', 'Sergio', 'Mora Lopez', '1993-10-10'),
(1016, '6642614526', 'M', 'Raul', 'Vega Garcia', '1993-10-04'),
(1017, '6648449199', 'F', 'Mario', 'Vega Rico', '1989-05-15'),
(1018, '6645973500', 'F', 'Ana', 'Garcia Diaz', '2004-07-16'),
(1019, '6644579018', 'F', 'Bruno', 'Flores Ramirez', '2000-01-07'),
(1020, '6643782960', 'M', 'Sofia', 'Flores Perez', '2009-11-11'),
(1021, '6647620395', 'M', 'Vera', 'Soto Torres', '2003-06-21'),
(1022, '6645423411', 'F', 'Ivan', 'Ramirez Perez', '1999-09-13'),
(1023, '6644278105', 'F', 'Ana', 'Flores Mora', '1997-05-02'),
(1024, '6647294029', 'F', 'Iris', 'Lopez Diaz', '2002-03-15'),
(1025, '6649620781', 'F', 'Clara', 'Torres Flores', '1984-12-02'),
(1026, '6649973675', 'F', 'Iris', 'Diaz Soto', '1979-12-21'),
(1027, '6647535293', 'M', 'Juan', 'Flores Soto', '1987-06-25'),
(1028, '6647110364', 'M', 'Clara', 'Diaz Flores', '1992-07-20'),
(1029, '6641488845', 'M', 'Sofia', 'Ramirez Perez', '1987-12-28'),
(1030, '6648933659', 'M', 'Nora', 'Soto Ramirez', '1996-10-13'),
(1031, '6642419005', 'M', 'Lucia', 'Ramirez Flores', '1988-01-18'),
(1032, '6646821856', 'M', 'Nora', 'Ramirez Cruz', '1972-08-20'),
(1033, '6642112667', 'F', 'Iris', 'Perez Vega', '1984-01-04'),
(1034, '6642769648', 'M', 'Clara', 'Vega Cruz', '2005-07-04'),
(1035, '6642452827', 'F', 'Sofia', 'Perez Vega', '2003-03-04'),
(1036, '6648106560', 'M', 'Pedro', 'Lopez Mora', '1994-02-18'),
(1037, '6648412047', 'F', 'Maria', 'Vega Vega', '1994-07-03'),
(1038, '6641789372', 'F', 'Ana', 'Flores Mora', '1987-12-04'),
(1039, '6649790879', 'M', 'Nora', 'Garcia Cruz', '1969-05-23'),
(1040, '6643376415', 'F', 'Mario', 'Flores Garcia', '1975-01-28'),
(1041, '6642271869', 'F', 'Sergio', 'Garcia Diaz', '2009-04-12'),
(1042, '6648162598', 'F', 'Sofia', 'Rico Diaz', '2004-05-11'),
(1043, '6648030667', 'F', 'Maria', 'Soto Diaz', '1998-03-17'),
(1044, '6645867694', 'F', 'Lena', 'Torres Ramirez', '1981-09-15'),
(1045, '6648411680', 'M', 'Paula', 'Soto Torres', '2010-12-19'),
(1046, '6645140510', 'M', 'Luis', 'Diaz Diaz', '1981-05-04'),
(1047, '6643059953', 'F', 'Hugo', 'Mora Flores', '1986-12-11'),
(1048, '6647313879', 'M', 'Paula', 'Flores Mora', '2004-08-20'),
(1049, '6647331877', 'F', 'Juan', 'Cruz Flores', '1993-10-11');

-- Inserts estancia
UPDATE habitacion SET estado='Disponible' WHERE id BETWEEN 3000 AND 3049;
INSERT INTO estancia (id_reservacion, id_habitacion, id_empleado, fecha_checkin, fecha_checkout, hora_checkin, hora_checkout, estado) VALUES
(1000, 3000, 4004, '2026-05-22', NULL, '19:40:00', NULL, 1),
(1001, 3001, 4002, '2026-05-21', NULL, '18:45:00', NULL, 1),
(1002, 3002, 4004, '2026-05-25', NULL, '15:50:00', NULL, 1),
(1003, 3003, 4002, '2026-05-23', NULL, '18:45:00', NULL, 1),
(1004, 3004, 4005, '2026-05-26', NULL, '08:00:00', NULL, 1),
(1005, 3005, 4004, '2026-05-25', NULL, '08:10:00', NULL, 1),
(1006, 3006, 4004, '2026-05-29', NULL, '20:30:00', NULL, 1),
(1007, 3007, 4005, '2024-09-04', '2024-09-14', '16:30:00', '07:15:00', 0),
(1008, 3008, 4003, '2023-07-28', '2023-08-10', '08:10:00', '08:15:00', 0),
(1009, 3009, 4002, '2023-12-07', '2023-12-15', '18:50:00', '07:00:00', 0),
(1010, 3010, 4004, '2023-01-08', '2023-01-12', '11:10:00', '10:15:00', 0),
(1011, 3011, 4002, '2022-06-17', '2022-06-29', '09:10:00', '07:45:00', 0),
(1012, 3012, 4002, '2023-09-22', '2023-09-30', '11:50:00', '11:00:00', 0),
(1013, 3013, 4004, '2023-11-14', '2023-11-27', '20:40:00', '11:45:00', 0),
(1014, 3014, 4003, '2025-08-20', '2025-08-28', '08:45:00', '09:15:00', 0),
(1015, 3015, 4004, '2025-07-13', '2025-07-20', '12:45:00', '12:00:00', 0),
(1016, 3016, 4002, '2024-02-17', '2024-02-28', '21:45:00', '10:45:00', 0),
(1017, 3017, 4003, '2026-02-02', '2026-02-03', '07:30:00', '07:15:00', 0),
(1018, 3018, 4005, '2025-08-30', '2025-09-04', '13:30:00', '12:45:00', 0),
(1019, 3019, 4006, '2022-10-11', '2022-10-19', '11:20:00', '09:15:00', 0),
(1020, 3020, 4004, '2026-02-21', '2026-03-06', '07:10:00', '08:45:00', 0),
(1021, 3021, 4005, '2021-07-21', '2021-07-29', '09:40:00', '10:00:00', 0),
(1022, 3022, 4002, '2024-11-12', '2024-11-24', '18:10:00', '09:15:00', 0),
(1023, 3023, 4003, '2025-05-27', '2025-06-05', '17:30:00', '07:30:00', 0),
(1024, 3024, 4006, '2022-06-15', '2022-06-23', '10:10:00', '12:15:00', 0),
(1025, 3025, 4005, '2022-01-10', '2022-01-17', '18:15:00', '08:15:00', 0),
(1026, 3026, 4003, '2025-09-22', '2025-10-04', '15:10:00', '10:30:00', 0),
(1027, 3027, 4006, '2023-09-09', '2023-09-11', '22:40:00', '08:15:00', 0),
(1028, 3028, 4003, '2024-08-21', '2024-08-26', '18:50:00', '07:15:00', 0),
(1029, 3029, 4006, '2026-01-24', '2026-02-01', '16:00:00', '11:30:00', 0),
(1030, 3030, 4003, '2023-01-29', '2023-01-31', '15:50:00', '12:00:00', 0),
(1031, 3031, 4004, '2022-02-03', '2022-02-15', '11:30:00', '10:45:00', 0),
(1032, 3032, 4002, '2025-10-21', '2025-10-28', '13:30:00', '07:30:00', 0),
(1033, 3033, 4005, '2021-10-27', '2021-11-04', '09:50:00', '09:30:00', 0),
(1034, 3034, 4004, '2026-02-20', '2026-02-21', '11:00:00', '07:30:00', 0),
(1035, 3035, 4005, '2021-07-08', '2021-07-09', '09:20:00', '12:15:00', 0),
(1036, 3036, 4006, '2023-07-14', '2023-07-24', '07:00:00', '09:15:00', 0),
(1037, 3037, 4002, '2024-01-25', '2024-02-08', '17:10:00', '09:45:00', 0),
(1038, 3038, 4006, '2021-06-20', '2021-06-30', '20:40:00', '11:15:00', 0),
(1039, 3039, 4002, '2025-06-14', '2025-06-18', '18:50:00', '12:45:00', 0),
(1010, 3040, 4005, '2023-01-08', '2023-01-12', '08:40:00', '09:15:00', 0),
(1011, 3041, 4006, '2022-06-17', '2022-06-29', '15:40:00', '10:00:00', 0),
(1012, 3042, 4002, '2023-09-22', '2023-09-30', '20:50:00', '12:00:00', 0),
(1013, 3043, 4006, '2023-11-14', '2023-11-27', '08:50:00', '08:45:00', 0),
(1014, 3044, 4005, '2025-08-20', '2025-08-28', '10:40:00', '07:30:00', 0),
(1015, 3045, 4002, '2025-07-13', '2025-07-20', '14:45:00', '08:15:00', 0),
(1016, 3046, 4004, '2024-02-17', '2024-02-28', '13:50:00', '12:00:00', 0),
(1017, 3047, 4002, '2026-02-02', '2026-02-03', '08:50:00', '09:15:00', 0),
(1018, 3048, 4005, '2025-08-30', '2025-09-04', '11:20:00', '12:30:00', 0),
(1019, 3049, 4003, '2022-10-11', '2022-10-19', '16:45:00', '09:45:00', 0);
UPDATE habitacion SET estado='Disponible' WHERE id BETWEEN 3007 AND 3049;
UPDATE habitacion SET estado='Limpieza'    WHERE id IN (3008,3015,3023);
UPDATE habitacion SET estado='Mantenimiento' WHERE id IN (3030,3041);

-- Inserts satisfaccion
INSERT INTO satisfaccion (fecha_hora, cal_servicio, cal_general, comentarios, id_estancia) VALUES
('2023-01-14 15:10:00', 4, 4, 'Precio justo por la calidad', 4007),
('2022-07-01 22:40:00', 3, 3, 'Buen servicio aunque lento el check-in', 4008),
('2023-10-01 22:10:00', 5, 5, 'Buen servicio aunque lento el check-in', 4009),
('2023-11-29 16:00:00', 5, 4, 'La comida estuvo deliciosa', 4010),
('2025-08-30 15:50:00', 5, 3, 'Volveria sin dudarlo', 4011),
('2025-07-20 15:50:00', 4, 5, 'Habitacion muy limpia y comoda', 4012),
('2024-02-28 16:10:00', 4, 5, 'Vista espectacular', 4013),
('2026-02-03 22:40:00', 4, 4, 'Buen servicio aunque lento el check-in', 4014),
('2025-09-06 08:10:00', 4, 4, 'Habitacion muy limpia y comoda', 4015),
('2022-10-19 13:00:00', 3, 4, 'La comida estuvo deliciosa', 4016),
('2026-03-06 17:10:00', 4, 4, 'El spa fue lo mejor', 4017),
('2021-07-30 17:20:00', 3, 4, 'Falto variedad en el desayuno', 4018),
('2024-11-26 22:50:00', 5, 4, 'Excelente atencion del personal', 4019),
('2023-01-14 17:40:00', 3, 5, 'Volveria sin dudarlo', 4007),
('2022-07-01 18:45:00', 5, 3, 'Falto variedad en el desayuno', 4008),
('2023-10-02 07:45:00', 4, 5, 'Excelente atencion del personal', 4009),
('2023-11-29 08:50:00', 3, 5, 'Personal muy amable', 4010),
('2025-08-29 10:40:00', 3, 4, 'Habitacion muy limpia y comoda', 4011),
('2025-07-20 20:20:00', 5, 3, 'Volveria sin dudarlo', 4012),
('2024-02-28 21:00:00', 3, 3, 'Todo impecable, regresaremos', 4013),
('2026-02-05 22:40:00', 3, 4, 'Falto variedad en el desayuno', 4014),
('2025-09-04 13:30:00', 3, 4, 'Vista espectacular', 4015),
('2022-10-20 20:45:00', 5, 4, 'La comida estuvo deliciosa', 4016),
('2026-03-06 19:45:00', 4, 3, 'Precio justo por la calidad', 4017),
('2021-07-31 22:30:00', 4, 5, 'La comida estuvo deliciosa', 4018),
('2024-11-26 17:10:00', 3, 5, 'Volveria sin dudarlo', 4019),
('2023-01-12 09:50:00', 3, 3, 'Todo impecable, regresaremos', 4007),
('2022-06-29 16:45:00', 4, 4, 'Excelente atencion del personal', 4008),
('2023-10-01 16:10:00', 5, 3, 'Volveria sin dudarlo', 4009),
('2023-11-28 17:10:00', 4, 5, 'El spa fue lo mejor', 4010),
('2025-08-29 17:45:00', 3, 3, 'Todo impecable, regresaremos', 4011),
('2025-07-22 15:10:00', 5, 3, 'El spa fue lo mejor', 4012),
('2024-02-28 14:40:00', 5, 4, 'La comida estuvo deliciosa', 4013),
('2026-02-04 15:00:00', 5, 4, 'Buen servicio aunque lento el check-in', 4014),
('2025-09-06 15:50:00', 4, 4, 'El spa fue lo mejor', 4015),
('2022-10-21 09:15:00', 4, 4, 'Vista espectacular', 4016),
('2026-03-06 12:45:00', 3, 5, 'Wifi algo lento en el cuarto', 4017),
('2021-07-30 07:00:00', 3, 3, 'Excelente atencion del personal', 4018),
('2024-11-26 08:40:00', 5, 3, 'Excelente atencion del personal', 4019),
('2023-01-12 22:00:00', 3, 5, 'Habitacion muy limpia y comoda', 4007),
('2022-06-30 08:20:00', 5, 3, 'Personal muy amable', 4008),
('2023-09-30 14:00:00', 4, 4, 'Excelente atencion del personal', 4009),
('2023-11-27 08:30:00', 5, 5, 'Personal muy amable', 4010),
('2025-08-29 10:45:00', 5, 4, 'Habitacion muy limpia y comoda', 4011),
('2025-07-20 16:45:00', 3, 4, 'Habitacion muy limpia y comoda', 4012),
('2024-02-28 07:15:00', 3, 3, 'El spa fue lo mejor', 4013),
('2026-02-03 08:00:00', 4, 3, 'Falto variedad en el desayuno', 4014),
('2025-09-04 07:00:00', 4, 3, 'Vista espectacular', 4015),
('2022-10-19 21:10:00', 4, 4, 'Habitacion muy limpia y comoda', 4016),
('2026-03-07 18:15:00', 5, 3, 'Excelente atencion del personal', 4017);

-- Inserts quejas
INSERT INTO queja (id_cliente, id_estancia, id_empleado, estado, fecha, hora, descripcion) VALUES
(4002, 4000, 4008, 'Resuelta', '2026-05-22', '21:00:00', 'Cerradura defectuosa'),
(4003, 4001, 4005, 'En proceso', '2026-05-30', '21:50:00', 'Ruido excesivo en pasillo'),
(4006, 4002, 4031, 'Cerrada', '2026-05-28', '12:15:00', 'Toallas no repuestas'),
(4008, 4003, 4032, 'Abierta', '2026-05-30', '13:20:00', 'Olor a humedad'),
(4010, 4004, 4008, 'Resuelta', '2026-05-25', '10:45:00', 'Aire acondicionado no enfriaba'),
(4029, 4005, 4035, 'Abierta', '2026-05-30', '11:10:00', 'Television sin senal'),
(4009, 4006, 4001, 'Resuelta', '2026-05-29', '22:40:00', 'Problema con agua caliente'),
(4003, 4007, 4034, 'Resuelta', '2023-01-10', '08:45:00', 'Cobro duplicado en factura'),
(4049, 4008, 4021, 'Abierta', '2022-06-20', '19:50:00', 'Cobro duplicado en factura'),
(4023, 4009, 4009, 'Resuelta', '2023-09-30', '21:20:00', 'Television sin senal'),
(4027, 4010, 4046, 'Abierta', '2023-11-22', '11:30:00', 'Aire acondicionado no enfriaba'),
(4038, 4011, 4043, 'En proceso', '2025-08-27', '19:30:00', 'Toallas no repuestas'),
(4010, 4012, 4025, 'En proceso', '2025-07-19', '12:00:00', 'Minibar no surtido'),
(4007, 4013, 4011, 'Abierta', '2024-02-26', '11:30:00', 'Demora en servicio a cuarto'),
(4006, 4014, 4001, 'Resuelta', '2026-02-02', '11:45:00', 'Demora en servicio a cuarto'),
(4002, 4015, 4014, 'Resuelta', '2025-09-03', '07:40:00', 'Ruido excesivo en pasillo'),
(4044, 4016, 4003, 'Abierta', '2022-10-17', '21:00:00', 'Television sin senal'),
(4003, 4017, 4020, 'Abierta', '2026-02-22', '21:00:00', 'Aire acondicionado no enfriaba'),
(4003, 4018, 4014, 'En proceso', '2021-07-24', '17:15:00', 'Cobro duplicado en factura'),
(4006, 4019, 4023, 'Resuelta', '2024-11-21', '13:50:00', 'Cerradura defectuosa'),
(4002, 4000, 4029, 'Resuelta', '2026-05-23', '08:15:00', 'Aire acondicionado no enfriaba'),
(4003, 4001, 4037, 'Resuelta', '2026-05-30', '10:15:00', 'Aire acondicionado no enfriaba'),
(4006, 4002, 4033, 'Resuelta', '2026-05-26', '19:00:00', 'Olor a humedad'),
(4008, 4003, 4001, 'En proceso', '2026-05-26', '11:20:00', 'Cerradura defectuosa'),
(4010, 4004, 4048, 'Cerrada', '2026-05-28', '19:40:00', 'Toallas no repuestas'),
(4029, 4005, 4014, 'En proceso', '2026-05-30', '22:30:00', 'Cobro duplicado en factura'),
(4009, 4006, 4020, 'Abierta', '2026-05-27', '09:20:00', 'Vista distinta a la reservada'),
(4003, 4007, 4007, 'Abierta', '2023-01-10', '08:45:00', 'Toallas no repuestas'),
(4049, 4008, 4031, 'Abierta', '2022-06-28', '22:10:00', 'Minibar no surtido'),
(4023, 4009, 4010, 'Resuelta', '2023-09-23', '14:20:00', 'Minibar no surtido'),
(4027, 4010, 4004, 'Resuelta', '2023-11-19', '17:40:00', 'Ruido excesivo en pasillo'),
(4038, 4011, 4041, 'Resuelta', '2025-08-28', '07:10:00', 'Problema con agua caliente'),
(4010, 4012, 4013, 'Abierta', '2025-07-17', '19:10:00', 'Ruido excesivo en pasillo'),
(4007, 4013, 4040, 'Abierta', '2024-02-20', '11:15:00', 'Problema con agua caliente'),
(4006, 4014, 4010, 'Abierta', '2026-02-02', '18:15:00', 'Ruido excesivo en pasillo'),
(4002, 4015, 4045, 'Abierta', '2025-09-01', '09:30:00', 'Cerradura defectuosa'),
(4044, 4016, 4038, 'Resuelta', '2022-10-13', '10:20:00', 'Television sin senal'),
(4003, 4017, 4036, 'Abierta', '2026-02-22', '11:20:00', 'Cerradura defectuosa'),
(4003, 4018, 4047, 'Abierta', '2021-07-27', '14:40:00', 'Demora en servicio a cuarto'),
(4006, 4019, 4007, 'En proceso', '2024-11-23', '12:15:00', 'Toallas no repuestas'),
(4002, 4000, 4042, 'Resuelta', '2026-05-29', '13:50:00', 'Cerradura defectuosa'),
(4003, 4001, 4031, 'Resuelta', '2026-05-28', '08:30:00', 'Vista distinta a la reservada'),
(4006, 4002, 4023, 'Resuelta', '2026-05-23', '12:30:00', 'Cobro duplicado en factura'),
(4008, 4003, 4044, 'Resuelta', '2026-05-30', '16:15:00', 'Television sin senal'),
(4010, 4004, 4048, 'Resuelta', '2026-05-26', '20:30:00', 'Aire acondicionado no enfriaba'),
(4029, 4005, 4039, 'Resuelta', '2026-05-29', '16:30:00', 'Vista distinta a la reservada'),
(4009, 4006, 4025, 'Resuelta', '2026-05-29', '08:30:00', 'Vista distinta a la reservada'),
(4003, 4007, 4005, 'En proceso', '2023-01-11', '14:45:00', 'Vista distinta a la reservada'),
(4049, 4008, 4042, 'Resuelta', '2022-06-17', '17:00:00', 'Television sin senal'),
(4023, 4009, 4023, 'Resuelta', '2023-09-28', '07:45:00', 'Ruido excesivo en pasillo');

-- Inserts consumo_servicio

INSERT INTO consumo_servicio (id_servicio, id_estancia, precio_unidad, fecha, hora, total, cantidad) VALUES
(4014, 4000, 755.0, '2026-05-24', '13:50:00', 2265.0, 3),
(4024, 4001, 1861.82, '2026-05-26', '22:50:00', 9309.1, 5),
(4018, 4002, 325.43, '2026-05-29', '15:30:00', 1627.15, 5),
(4002, 4003, 871.1, '2026-05-28', '14:50:00', 4355.5, 5),
(4034, 4004, 455.66, '2026-05-28', '14:15:00', 1366.98, 3),
(4030, 4005, 1673.69, '2026-05-29', '17:45:00', 6694.76, 4),
(4005, 4006, 1067.18, '2026-05-27', '20:30:00', 4268.72, 4),
(4033, 4007, 1146.92, '2023-01-12', '12:00:00', 4587.68, 4),
(4027, 4008, 1363.46, '2022-06-26', '12:15:00', 2726.92, 2),
(4026, 4009, 183.71, '2023-09-29', '17:20:00', 918.55, 5),
(4005, 4010, 1484.9, '2023-11-21', '10:00:00', 7424.5, 5),
(4038, 4011, 168.79, '2025-08-28', '22:45:00', 843.95, 5),
(4048, 4012, 1377.88, '2025-07-15', '11:15:00', 1377.88, 1),
(4005, 4013, 1729.73, '2024-02-17', '20:15:00', 6918.92, 4),
(4019, 4014, 1978.71, '2026-02-03', '12:50:00', 9893.55, 5),
(4024, 4015, 1090.97, '2025-09-04', '11:30:00', 1090.97, 1),
(4029, 4016, 1726.91, '2022-10-12', '21:30:00', 3453.82, 2),
(4013, 4017, 919.02, '2026-02-25', '12:20:00', 3676.08, 4),
(4028, 4018, 332.47, '2021-07-28', '12:10:00', 1329.88, 4),
(4048, 4019, 658.67, '2024-11-15', '16:30:00', 1976.01, 3),
(4028, 4000, 951.1, '2026-05-27', '11:40:00', 4755.5, 5),
(4037, 4001, 1740.35, '2026-05-29', '08:20:00', 1740.35, 1),
(4046, 4002, 526.94, '2026-05-25', '20:45:00', 526.94, 1),
(4010, 4003, 1079.01, '2026-05-27', '21:10:00', 5395.05, 5),
(4011, 4004, 533.66, '2026-05-25', '15:50:00', 1067.32, 2),
(4040, 4005, 290.71, '2026-05-29', '18:15:00', 290.71, 1),
(4018, 4006, 1277.72, '2026-05-29', '12:40:00', 1277.72, 1),
(4036, 4007, 844.32, '2023-01-11', '13:50:00', 2532.96, 3),
(4018, 4008, 303.33, '2022-06-20', '17:15:00', 1213.32, 4),
(4046, 4009, 928.19, '2023-09-28', '15:40:00', 928.19, 1),
(4018, 4010, 127.19, '2023-11-15', '18:30:00', 127.19, 1),
(4023, 4011, 892.31, '2025-08-26', '16:40:00', 4461.55, 5),
(4029, 4012, 1509.97, '2025-07-13', '15:40:00', 1509.97, 1),
(4007, 4013, 336.66, '2024-02-25', '07:10:00', 1009.98, 3),
(4023, 4014, 509.25, '2026-02-02', '20:00:00', 1018.5, 2),
(4045, 4015, 604.74, '2025-09-03', '13:50:00', 604.74, 1),
(4041, 4016, 1081.68, '2022-10-16', '20:10:00', 1081.68, 1),
(4003, 4017, 1847.79, '2026-02-22', '10:40:00', 1847.79, 1),
(4019, 4018, 1458.94, '2021-07-25', '19:10:00', 4376.82, 3),
(4022, 4019, 809.14, '2024-11-19', '14:15:00', 2427.42, 3),
(4022, 4000, 1543.95, '2026-05-23', '16:00:00', 1543.95, 1),
(4041, 4001, 1724.82, '2026-05-26', '09:00:00', 8624.1, 5),
(4015, 4002, 652.87, '2026-05-28', '09:30:00', 3264.35, 5),
(4013, 4003, 456.38, '2026-05-27', '19:50:00', 1825.52, 4),
(4033, 4004, 1184.47, '2026-05-28', '17:30:00', 1184.47, 1),
(4016, 4005, 385.37, '2026-05-30', '07:40:00', 1541.48, 4),
(4002, 4006, 1214.57, '2026-05-30', '19:40:00', 6072.85, 5),
(4047, 4007, 806.93, '2023-01-11', '11:40:00', 2420.79, 3),
(4049, 4008, 460.78, '2022-06-22', '20:10:00', 1382.34, 3),
(4016, 4009, 1989.09, '2023-09-25', '07:40:00', 7956.36, 4);

-- Inserts fondo
INSERT INTO fondo (id_reservacion, motivo_rete, monto_rete, monto_fondo, monto_dev, fecha_cobro) VALUES
(1000, 'Retencion por consumo', 162.06, 1497.35, 1335.29, '2026-05-18'),
(1001, 'Deposito reembolsable', 163.22, 557.4, 394.18, '2026-05-23'),
(1002, 'Sin retencion', 296.28, 1536.0, 1239.72, '2026-05-19'),
(1003, 'Deposito reembolsable', 693.36, 2144.81, 1451.45, '2026-05-21'),
(1004, 'Retencion por consumo', 260.01, 1115.37, 855.36, '2026-05-25'),
(1005, 'Fondo de incidentales', 14.91, 1054.38, 1039.47, '2026-05-27'),
(1006, 'Sin retencion', 314.07, 1627.81, 1313.74, '2026-05-17'),
(1007, 'Garantia por danos', 363.36, 1798.02, 1434.66, '2023-01-04'),
(1008, 'Retencion por consumo', 284.27, 1844.01, 1559.74, '2022-06-12'),
(1009, 'Deposito reembolsable', 148.19, 687.62, 539.43, '2023-09-22'),
(1010, 'Fondo de incidentales', 693.0, 2128.15, 1435.15, '2023-11-14'),
(1011, 'Garantia por danos', 319.74, 2036.4, 1716.66, '2025-08-19'),
(1012, 'Retencion por consumo', 276.74, 2937.56, 2660.82, '2025-07-09'),
(1013, 'Sin retencion', 1050.71, 2878.12, 1827.41, '2024-02-17'),
(1014, 'Fondo de incidentales', 145.38, 651.25, 505.87, '2026-01-31'),
(1015, 'Deposito reembolsable', 90.15, 1595.66, 1505.51, '2025-08-27'),
(1016, 'Fondo de incidentales', 405.52, 2903.38, 2497.86, '2022-10-08'),
(1017, 'Garantia por danos', 105.74, 1240.17, 1134.43, '2026-02-20'),
(1018, 'Retencion por consumo', 402.61, 963.71, 561.1, '2021-07-17'),
(1019, 'Garantia por danos', 403.93, 820.79, 416.86, '2024-11-08'),
(1020, 'Fondo de incidentales', 850.54, 2521.6, 1671.06, '2026-06-01'),
(1021, 'Sin retencion', 967.85, 2408.08, 1440.23, '2026-05-29'),
(1022, 'Sin retencion', 160.23, 658.96, 498.73, '2026-05-30'),
(1023, 'Sin retencion', 219.94, 1734.11, 1514.17, '2026-05-29'),
(1024, 'Fondo de incidentales', 1123.19, 2905.01, 1781.82, '2026-05-31'),
(1025, 'Retencion por consumo', 536.89, 1984.76, 1447.87, '2026-06-01'),
(1026, 'Garantia por danos', 218.78, 1291.23, 1072.45, '2026-09-27'),
(1027, 'Sin retencion', 425.96, 2370.12, 1944.16, '2026-06-05'),
(1028, 'Fondo de incidentales', 412.87, 977.4, 564.53, '2026-10-19'),
(1029, 'Fondo de incidentales', 465.21, 1720.78, 1255.57, '2026-12-22'),
(1030, 'Deposito reembolsable', 164.98, 1755.57, 1590.59, '2026-07-04'),
(1031, 'Fondo de incidentales', 175.34, 1153.32, 977.98, '2026-12-12'),
(1032, 'Deposito reembolsable', 151.4, 668.81, 517.41, '2026-11-21'),
(1033, 'Deposito reembolsable', 211.34, 1517.93, 1306.59, '2026-07-15'),
(1034, 'Deposito reembolsable', 150.96, 532.69, 381.73, '2026-11-21'),
(1035, 'Retencion por consumo', 797.17, 2583.71, 1786.54, '2026-12-19'),
(1036, 'Garantia por danos', 25.69, 1640.77, 1615.08, '2026-12-04'),
(1037, 'Retencion por consumo', 414.98, 1688.11, 1273.13, '2026-07-30'),
(1038, 'Garantia por danos', 394.04, 2234.78, 1840.74, '2026-07-06'),
(1039, 'Sin retencion', 279.88, 573.35, 293.47, '2026-10-11'),
(1040, 'Deposito reembolsable', 244.85, 2734.13, 2489.28, '2026-09-17'),
(1041, 'Deposito reembolsable', 1173.34, 2349.21, 1175.87, '2027-01-31'),
(1042, 'Retencion por consumo', 770.49, 1614.83, 844.34, '2026-08-22'),
(1043, 'Deposito reembolsable', 1191.85, 2419.15, 1227.3, '2026-09-12'),
(1044, 'Sin retencion', 77.52, 1298.8, 1221.28, '2026-06-27'),
(1045, 'Deposito reembolsable', 323.97, 1020.58, 696.61, '2026-05-10'),
(1046, 'Retencion por consumo', 362.92, 1510.41, 1147.49, '2026-08-12'),
(1047, 'Deposito reembolsable', 261.97, 1707.45, 1445.48, '2026-05-20'),
(1048, 'Retencion por consumo', 38.55, 845.54, 806.99, '2026-08-06'),
(1049, 'Fondo de incidentales', 414.1, 839.75, 425.65, '2026-05-12');

-- inserts cancelacion
INSERT INTO cancelacion (id_reservacion, id_fondo, monto, monto_dev, motivo, fecha) VALUES
(1000, 4000, 2810.51, 2810.51, 'Emergencia familiar', '2026-05-14'),
(1001, 4001, 3859.03, 3859.03, 'Motivos de salud', '2026-05-15'),
(1002, 4002, 4473.05, 4473.05, 'Motivos de salud', '2026-05-20'),
(1003, 4003, 1735.78, 1735.78, 'Mejor oferta', '2026-05-23'),
(1004, 4004, 4073.04, 4073.04, 'Emergencia familiar', '2026-05-15'),
(1005, 4005, 2983.68, 2983.68, 'Emergencia familiar', '2026-05-19'),
(1006, 4006, 4286.03, 4286.03, 'Emergencia familiar', '2026-05-12'),
(1007, 4007, 1626.8, 1626.8, 'Mejor oferta', '2023-01-04'),
(1008, 4008, 4581.99, 4581.99, 'Mejor oferta', '2022-06-10'),
(1009, 4009, 1225.24, 1225.24, 'Clima adverso', '2023-09-12'),
(1010, 4010, 3389.52, 3389.52, 'Vuelo cancelado', '2023-11-13'),
(1011, 4011, 1986.28, 1986.28, 'Cambio de planes', '2025-08-10'),
(1012, 4012, 4082.16, 4082.16, 'Mejor oferta', '2025-07-12'),
(1013, 4013, 2405.48, 2405.48, 'Clima adverso', '2024-02-12'),
(1014, 4014, 2779.77, 2779.77, 'Motivos de salud', '2026-01-28'),
(1015, 4015, 3710.8, 3710.8, 'Cambio de planes', '2025-08-25'),
(1016, 4016, 4186.48, 4186.48, 'Clima adverso', '2022-10-01'),
(1017, 4017, 1399.48, 1399.48, 'Cambio de planes', '2026-02-20'),
(1018, 4018, 1128.18, 1128.18, 'Emergencia familiar', '2021-07-19'),
(1019, 4019, 2453.03, 2453.03, 'Mejor oferta', '2024-11-11'),
(1020, 4020, 1788.27, 1788.27, 'Emergencia familiar', '2026-06-03'),
(1021, 4021, 2784.09, 2784.09, 'Cambio de planes', '2026-05-28'),
(1022, 4022, 4983.28, 4983.28, 'Emergencia familiar', '2026-06-02'),
(1023, 4023, 3064.32, 3064.32, 'Motivos de salud', '2026-05-31'),
(1024, 4024, 3912.68, 3912.68, 'Vuelo cancelado', '2026-05-21'),
(1025, 4025, 882.59, 882.59, 'Cambio de planes', '2026-06-05'),
(1026, 4026, 4883.12, 4883.12, 'Cambio de planes', '2026-09-23'),
(1027, 4027, 874.09, 874.09, 'Vuelo cancelado', '2026-06-04'),
(1028, 4028, 1086.76, 1086.76, 'Motivos de salud', '2026-10-22'),
(1029, 4029, 4446.82, 4446.82, 'Vuelo cancelado', '2026-12-26'),
(1030, 4030, 4016.95, 4016.95, 'Emergencia familiar', '2026-07-02'),
(1031, 4031, 4359.59, 4359.59, 'Cambio de planes', '2026-12-09'),
(1032, 4032, 4728.56, 4728.56, 'Emergencia familiar', '2026-11-20'),
(1033, 4033, 2479.89, 2479.89, 'Motivos de salud', '2026-07-15'),
(1034, 4034, 3375.5, 3375.5, 'Mejor oferta', '2026-11-21'),
(1035, 4035, 3271.23, 3271.23, 'Emergencia familiar', '2026-12-15'),
(1036, 4036, 1790.66, 1790.66, 'Emergencia familiar', '2026-11-28'),
(1037, 4037, 801.91, 801.91, 'Mejor oferta', '2026-08-02'),
(1038, 4038, 3814.86, 3814.86, 'Clima adverso', '2026-07-07'),
(1039, 4039, 2583.76, 2583.76, 'Emergencia familiar', '2026-10-09'),
(1040, 4040, 4201.84, 4201.84, 'Motivos de salud', '2026-09-20'),
(1041, 4041, 1780.22, 1780.22, 'Motivos de salud', '2027-01-31'),
(1042, 4042, 3149.3, 3149.3, 'Motivos de salud', '2026-08-17'),
(1043, 4043, 1990.22, 1990.22, 'Motivos de salud', '2026-09-04'),
(1044, 4044, 3577.35, 3577.35, 'Mejor oferta', '2026-06-25'),
(1045, 4045, 4831.81, 4831.81, 'Clima adverso', '2026-05-12'),
(1046, 4046, 4467.84, 4467.84, 'Clima adverso', '2026-08-10'),
(1047, 4047, 3356.67, 3356.67, 'Mejor oferta', '2026-05-18'),
(1048, 4048, 4568.25, 4568.25, 'Vuelo cancelado', '2026-08-04'),
(1049, 4049, 990.64, 990.64, 'Clima adverso', '2026-05-09');

--Inserts factura
INSERT INTO factura (id_cliente, id_reservacion, fecha, estado_pago, descuento, metodo, retenciones, subtotal, total) VALUES
(4002, 1000, '2026-05-30', 'Pendiente', 1332.75, 'Tarjeta debito', 2132.39, 13327.45, 14127.09),
(4003, 1001, '2026-05-30', 'Pendiente', 1565.22, 'Transferencia', 1669.57, 10434.83, 10539.18),
(4006, 1002, '2026-05-30', 'Pagada', 835.06, 'Tarjeta credito', 1336.09, 8350.59, 8851.62),
(4008, 1003, '2026-05-30', 'Pagada', 412.57, 'Transferencia', 1320.22, 8251.35, 9159.0),
(4010, 1004, '2026-05-30', 'Pendiente', 0.0, 'Transferencia', 2423.1, 15144.39, 17567.49),
(4012, 1005, '2026-05-30', 'Pagada', 0.0, 'Transferencia', 1168.77, 7304.83, 8473.6),
(4015, 1006, '2026-05-30', 'Pendiente', 0.0, 'Efectivo', 2489.61, 15560.05, 18049.66),
(4045, 1007, '2024-09-14', 'Pagada', 0.0, 'PayPal', 1082.79, 6767.44, 7850.23),
(4002, 1008, '2023-08-10', 'Pagada', 0.0, 'PayPal', 3285.54, 20534.61, 23820.15),
(4007, 1009, '2023-12-15', 'Pagada', 0.0, 'Tarjeta debito', 2926.16, 18288.53, 21214.69),
(4010, 1010, '2023-01-12', 'Pagada', 527.87, 'Tarjeta debito', 563.06, 3519.13, 3554.32),
(4006, 1011, '2022-06-29', 'Pagada', 1000.9, 'Efectivo', 3202.88, 20017.99, 22219.97),
(4002, 1012, '2023-09-30', 'Pagada', 82.74, 'PayPal', 264.77, 1654.79, 1836.82),
(4006, 1013, '2023-11-27', 'Pagada', 0.0, 'Tarjeta debito', 607.32, 3795.78, 4403.1),
(4024, 1014, '2025-08-28', 'Pagada', 542.45, 'Transferencia', 578.62, 3616.35, 3652.52),
(4003, 1015, '2025-07-20', 'Pagada', 290.97, 'Efectivo', 310.37, 1939.79, 1959.19),
(4044, 1016, '2024-02-28', 'Pagada', 0.0, 'Tarjeta credito', 1099.9, 6874.37, 7974.27),
(4034, 1017, '2026-02-03', 'Pagada', 1081.34, 'Transferencia', 1730.14, 10813.38, 11462.18),
(4006, 1018, '2025-09-04', 'Pagada', 0.0, 'Transferencia', 1391.97, 8699.83, 10091.8),
(4049, 1019, '2022-10-19', 'Pagada', 777.43, 'Efectivo', 2487.76, 15548.53, 17258.86),
(4002, 1020, '2026-03-06', 'Pagada', 1439.3, 'Efectivo', 2302.87, 14392.95, 15256.52),
(4017, 1021, '2021-07-29', 'Pagada', 189.16, 'Transferencia', 605.3, 3783.12, 4199.26),
(4014, 1022, '2024-11-24', 'Pagada', 413.92, 'Tarjeta credito', 662.27, 4139.19, 4387.54),
(4002, 1023, '2025-06-05', 'Pagada', 0.0, 'Tarjeta debito', 409.77, 2561.04, 2970.81),
(4020, 1024, '2022-06-23', 'Pagada', 0.0, 'Transferencia', 433.98, 2712.36, 3146.34),
(4028, 1025, '2022-01-17', 'Pagada', 0.0, 'Transferencia', 1518.03, 9487.69, 11005.72),
(4037, 1026, '2025-10-04', 'Pagada', 0.0, 'Transferencia', 2197.92, 13736.98, 15934.9),
(4031, 1027, '2023-09-11', 'Pagada', 1065.81, 'Transferencia', 1705.3, 10658.11, 11297.6),
(4023, 1028, '2024-08-26', 'Pagada', 2995.74, 'Transferencia', 3195.46, 19971.6, 20171.32),
(4003, 1029, '2026-02-01', 'Pagada', 298.71, 'PayPal', 477.93, 2987.06, 3166.28),
(4016, 1030, '2023-01-31', 'Pagada', 0.0, 'Tarjeta credito', 2393.8, 14961.25, 17355.05),
(4006, 1031, '2022-02-15', 'Pagada', 1544.99, 'PayPal', 1647.99, 10299.95, 10402.95),
(4032, 1032, '2025-10-28', 'Pagada', 2651.47, 'PayPal', 2828.24, 17676.5, 17853.27),
(4040, 1033, '2021-11-04', 'Pagada', 0.0, 'PayPal', 2448.97, 15306.07, 17755.04),
(4001, 1034, '2026-02-21', 'Pagada', 0.0, 'Transferencia', 3000.08, 18750.51, 21750.59),
(4019, 1035, '2021-07-09', 'Pagada', 1310.38, 'Efectivo', 2096.6, 13103.76, 13889.98),
(4030, 1036, '2023-07-24', 'Pagada', 0.0, 'Tarjeta debito', 2243.73, 14023.34, 16267.07),
(4008, 1037, '2024-02-08', 'Pagada', 1159.53, 'Tarjeta credito', 1236.83, 7730.21, 7807.51),
(4003, 1038, '2021-06-30', 'Pagada', 242.2, 'Tarjeta credito', 387.51, 2421.96, 2567.27),
(4018, 1039, '2025-06-18', 'Pagada', 3185.13, 'Efectivo', 3397.47, 21234.19, 21446.53),
(4048, 1040, '2026-06-01', 'Pendiente', 2207.72, 'Tarjeta credito', 2354.9, 14718.1, 14865.28),
(4003, 1041, '2026-06-06', 'Pendiente', 1753.36, 'Tarjeta debito', 1870.25, 11689.05, 11805.94),
(4029, 1042, '2026-06-05', 'Pendiente', 1489.79, 'Efectivo', 1589.11, 9931.96, 10031.28),
(4025, 1043, '2026-06-08', 'Pendiente', 0.0, 'Efectivo', 3330.7, 20816.9, 24147.6),
(4041, 1044, '2026-11-30', 'Pendiente', 592.51, 'Efectivo', 948.02, 5925.11, 6280.62),
(4009, 1045, '2026-10-06', 'Pendiente', 0.0, 'Efectivo', 1214.95, 7593.46, 8808.41),
(4002, 1046, '2026-06-12', 'Cancelada', 738.84, 'Transferencia', 788.1, 4925.6, 4974.86),
(4036, 1047, '2026-05-10', 'Cancelada', 245.92, 'Tarjeta debito', 393.47, 2459.2, 2606.75),
(4046, 1048, '2026-06-16', 'Cancelada', 1246.61, 'Efectivo', 1994.57, 12466.08, 13214.04),
(4043, 1049, '2026-05-13', 'Cancelada', 0.0, 'PayPal', 946.8, 5917.51, 6864.31);

-- Inserts paquete_promo
INSERT INTO paquete_promo (id_servicio, id_reservacion, descuento, nombre, descripcion, estado, precio, fecha_inicio, fecha_fin) VALUES
(4003, 1000, 18.2, 'Promo Semana Santa', 'Paquete temporada semana santa.', 0, 14661.4, '2022-03-05', '2022-04-23'),
(4030, 1001, 13.43, 'Promo Verano', 'Paquete temporada verano.', 1, 14460.29, '2022-06-12', '2022-08-19'),
(4031, 1002, 22.33, 'Promo Accion de Gracias', 'Paquete temporada accion de gracias.', 1, 7161.64, '2026-11-11', '2026-11-25'),
(4011, 1003, 12.18, 'Promo Navidad', 'Paquete temporada navidad.', 1, 3492.42, '2023-12-07', '2023-12-27'),
(4001, 1004, 16.3, 'Promo Anio Nuevo', 'Paquete temporada anio nuevo.', 0, 5866.82, '2025-01-13', '2025-01-26'),
(4008, 1005, 18.67, 'Promo Dia de Independencia', 'Paquete temporada dia de independencia.', 1, 11033.09, '2024-09-10', '2024-09-26'),
(4041, 1006, 13.56, 'Promo Carnaval', 'Paquete temporada carnaval.', 1, 10175.68, '2023-02-03', '2023-02-18'),
(4005, 1007, 27.82, 'Promo Feria de Primavera', 'Paquete temporada feria de primavera.', 0, 7494.82, '2023-05-13', '2023-05-21'),
(4018, 1008, 10.19, 'Promo Dia de la Revolucion', 'Paquete temporada dia de la revolucion.', 1, 12561.31, '2022-11-05', '2022-11-19'),
(4025, 1009, 27.45, 'Promo Puente Vacacional', 'Paquete temporada puente vacacional.', 1, 9794.17, '2023-07-13', '2023-07-17'),
(4006, 1010, 23.79, 'Promo Semana Santa', 'Paquete temporada semana santa.', 0, 14638.52, '2024-03-07', '2024-04-24'),
(4016, 1011, 17.66, 'Promo Verano', 'Paquete temporada verano.', 1, 5065.85, '2022-06-15', '2022-08-16'),
(4018, 1012, 16.96, 'Promo Accion de Gracias', 'Paquete temporada accion de gracias.', 0, 6762.22, '2024-11-14', '2024-11-18'),
(4002, 1013, 9.56, 'Promo Navidad', 'Paquete temporada navidad.', 0, 12723.65, '2022-12-01', '2022-12-21'),
(4028, 1014, 12.68, 'Promo Anio Nuevo', 'Paquete temporada anio nuevo.', 0, 9054.05, '2025-01-15', '2025-01-21'),
(4000, 1015, 17.62, 'Promo Dia de Independencia', 'Paquete temporada dia de independencia.', 1, 3748.25, '2022-09-12', '2022-09-17'),
(4039, 1016, 28.54, 'Promo Carnaval', 'Paquete temporada carnaval.', 1, 2777.76, '2023-02-03', '2023-02-16'),
(4031, 1017, 26.87, 'Promo Feria de Primavera', 'Paquete temporada feria de primavera.', 0, 3059.88, '2024-05-13', '2024-05-20'),
(4027, 1018, 9.0, 'Promo Dia de la Revolucion', 'Paquete temporada dia de la revolucion.', 0, 12828.52, '2023-11-08', '2023-11-28'),
(4017, 1019, 13.79, 'Promo Puente Vacacional', 'Paquete temporada puente vacacional.', 1, 4619.66, '2023-07-01', '2023-07-27'),
(4033, 1020, 18.83, 'Promo Semana Santa', 'Paquete temporada semana santa.', 1, 12125.83, '2022-03-07', '2022-04-17'),
(4012, 1021, 16.09, 'Promo Verano', 'Paquete temporada verano.', 1, 2414.98, '2024-06-14', '2024-08-19'),
(4005, 1022, 9.58, 'Promo Accion de Gracias', 'Paquete temporada accion de gracias.', 1, 11036.43, '2022-11-15', '2022-11-18'),
(4007, 1023, 8.69, 'Promo Navidad', 'Paquete temporada navidad.', 1, 10417.56, '2025-12-15', '2025-12-22'),
(4040, 1024, 24.32, 'Promo Anio Nuevo', 'Paquete temporada anio nuevo.', 1, 11177.51, '2024-01-15', '2024-01-25'),
(4001, 1025, 17.33, 'Promo Dia de Independencia', 'Paquete temporada dia de independencia.', 1, 3163.71, '2026-09-03', '2026-09-21'),
(4026, 1026, 6.6, 'Promo Carnaval', 'Paquete temporada carnaval.', 0, 6620.45, '2025-02-06', '2025-02-23'),
(4005, 1027, 10.06, 'Promo Feria de Primavera', 'Paquete temporada feria de primavera.', 1, 3586.24, '2023-05-05', '2023-05-25'),
(4011, 1028, 6.1, 'Promo Dia de la Revolucion', 'Paquete temporada dia de la revolucion.', 1, 12264.87, '2025-11-11', '2025-11-28'),
(4032, 1029, 23.82, 'Promo Puente Vacacional', 'Paquete temporada puente vacacional.', 1, 10383.93, '2024-07-13', '2024-07-26'),
(4047, 1030, 25.64, 'Promo Semana Santa', 'Paquete temporada semana santa.', 1, 13116.52, '2025-03-02', '2025-04-22'),
(4006, 1031, 5.93, 'Promo Verano', 'Paquete temporada verano.', 1, 4204.9, '2023-06-09', '2023-08-21'),
(4011, 1032, 29.95, 'Promo Accion de Gracias', 'Paquete temporada accion de gracias.', 1, 4079.85, '2024-11-12', '2024-11-25'),
(4015, 1033, 8.02, 'Promo Navidad', 'Paquete temporada navidad.', 1, 6124.81, '2022-12-15', '2022-12-20'),
(4009, 1034, 7.6, 'Promo Anio Nuevo', 'Paquete temporada anio nuevo.', 1, 13640.72, '2025-01-12', '2025-01-23'),
(4048, 1035, 19.08, 'Promo Dia de Independencia', 'Paquete temporada dia de independencia.', 0, 3581.15, '2024-09-08', '2024-09-27'),
(4020, 1036, 9.84, 'Promo Carnaval', 'Paquete temporada carnaval.', 1, 6698.23, '2026-02-14', '2026-02-27'),
(4006, 1037, 24.27, 'Promo Feria de Primavera', 'Paquete temporada feria de primavera.', 1, 7339.18, '2022-05-15', '2022-05-26'),
(4035, 1038, 20.84, 'Promo Dia de la Revolucion', 'Paquete temporada dia de la revolucion.', 1, 2456.38, '2025-11-12', '2025-11-18'),
(4029, 1039, 9.59, 'Promo Puente Vacacional', 'Paquete temporada puente vacacional.', 0, 13163.73, '2024-07-15', '2024-07-22'),
(4043, 1040, 7.52, 'Promo Semana Santa', 'Paquete temporada semana santa.', 1, 13585.81, '2022-03-02', '2022-04-18'),
(4018, 1041, 13.76, 'Promo Verano', 'Paquete temporada verano.', 1, 10238.12, '2025-06-09', '2025-08-20'),
(4003, 1042, 18.03, 'Promo Accion de Gracias', 'Paquete temporada accion de gracias.', 1, 5567.08, '2026-11-06', '2026-11-23'),
(4014, 1043, 23.69, 'Promo Navidad', 'Paquete temporada navidad.', 1, 4865.07, '2022-12-10', '2022-12-24'),
(4004, 1044, 26.31, 'Promo Anio Nuevo', 'Paquete temporada anio nuevo.', 1, 9690.32, '2026-01-05', '2026-01-25'),
(4016, 1045, 16.97, 'Promo Dia de Independencia', 'Paquete temporada dia de independencia.', 1, 9643.19, '2025-09-01', '2025-09-17'),
(4002, 1046, 28.62, 'Promo Carnaval', 'Paquete temporada carnaval.', 1, 13029.27, '2026-02-11', '2026-02-18'),
(4037, 1047, 6.57, 'Promo Feria de Primavera', 'Paquete temporada feria de primavera.', 1, 6475.15, '2024-05-12', '2024-05-27'),
(4002, 1048, 6.62, 'Promo Dia de la Revolucion', 'Paquete temporada dia de la revolucion.', 1, 12888.4, '2023-11-06', '2023-11-27'),
(4003, 1049, 6.05, 'Promo Puente Vacacional', 'Paquete temporada puente vacacional.', 1, 7196.61, '2025-07-06', '2025-07-18');


